【东丽区疫情防控指挥部关于新增划定风险区的通告】广大居民朋友：根据当前疫情防控形势，为切实保障人民群众生命安全和身体健康，快速有效阻断疫情传播扩散风险，依据相关法律法规和疫情防控有关规定，经专家组综合研判，现将新增划定风险区相关事宜通告如下：一、自通告发布之日起，划定东丽区万新街昆悦里小区5号楼为高风险区。高风险区内，实行“足不出户、上门服务”等管控措施，居民定期进行核酸检测。二、自通告发布之日起，划定东丽区万新街昆悦里小区除5号楼以外区域为参照防范区管理的低风险区。风险区内，实施连续3日静态管理、每日进行核酸检测，检测结果均为阴性降为低风险区。风险区内人员非必要不离开风险区，疫情防控、核酸检测和社会运行保障等相关工作人员凭街道居委会开具的相关通行证明通行。 三、10月8日以来，具有万新街昆悦里小区5号楼旅居史人员，自暴露之日起集中隔离至末次暴露后7天，第1、2、3、5、7天进行核酸检测；具有万新街昆悦里小区除5号楼以外区域旅居史人员，自10月15日起严格居家隔离3天，核酸日检测，同住人员按照同样方式管理。以上人员请立即静止并主动向居住地社区、所在单位报备，配合落实好相关疫情防控措施。四、我区已建立物资保供机制，能够充分保障生活必需品供应。请广大居民安心居家，如有就医、购药等特殊需要及健康码赋码异常等相关疑问，及时联系所在社区。同时，严格遵照《中华人民共和国传染病防治法》履行公民法定义务，服从社区工作人员统一安排，全力配合做好风险人员协查管控工作，依法接受有关传染病的调查、样本采集、检测、隔离治疗等预防控制措施，如实提供有关情况，如出现发热、咳嗽、味（嗅）觉减退等症状第一时间向社区报告，按照疫情防控有关规定到指定医院发热门诊就诊，严禁瞒报、漏报、迟报，对拒不执行疫情防控相关措施的，将依法从严追究法律责任。五、请广大居民密切关注官方权威发布信息，不恐慌、不信谣、不传谣、不造谣，一切以官方通报为准。以上防控措施停止执行时间另行通知。如有需要，此通告可作为请假证明。东丽区疫情防控指挥部2022年10月15日,Sat Oct 15 15:10:02 +0800 2022,2288486705,奏耐天津,214.1万,天津,天津,中国
【#香港“0+3”初见成效# 　9月访港客6.6万增逾10%】#香港# 由9月26日起实施“0+3”入境检疫措施以来，入境人数较往前录得增长。9月的初步访港旅客人数约为6.6万人次，按月升约10.7%；今年1至9月累计有近25万人次访港，较新冠疫情前仅恢复不足1%。9月整体访港旅客中约有5.1万人为内地旅客，非内地旅客约有1.47万人，其中长途客占7013人，短途客有5826人。9月访港旅客人数较8月的约5.9万人，多出逾6000人，升幅约10.7%，内地及非内地旅客人数均增加3000多人次。网页链接,Sat Oct 15 12:11:02 +0800 2022,7476748260,大公文匯網,85.3万,,香港,中国,香港“0+3”初见成效,香港
【西安市西咸新区公布核酸检测阳性人员活动轨迹 重叠者速报备】新冠肺炎2名确诊病例曾于10月10日至10月15日在以下13处点位有活动轨迹，请有以下轨迹交集的人员主动向属地疫情防控部门、社区（村）或单位报告，停止外出活动，在原地（或居家）等候，严格做好个人防护，并配合落实相关管控措施。,Sat Oct 15 14:09:40 +0800 2022,1717833412,华商报,1105.3万,西安,陕西,中国
#郑州疫情#有没有群，拉拉我 郑州·朗悦西都汇,Sat Oct 15 15:58:16 +0800 2022,2881246037,weiweiweittt,125,,河南,中国,郑州疫情
尊敬的游客朋友们:根据西安市疫情防控工作需要，西安城墙景区10月15日至10月27日期间，对开放门点做出以下调整:全员核酸日:08:00-22:00 永宁门(南门)08:00-19:00 长乐门(东门)、安定门(西门)非全员核酸日:08:00-22:00 永宁门(南门)08:00-19:00 长乐门(东门)、安定门(西门)安远门(北门)由此给您带来的不便，敬请谅解。如您有任何疑问请致电景区服务咨询电话029-87272792。#景区通告#,Sat Oct 15 15:58:01 +0800 2022,2745461742,陕西省西安城墙保护基金会,6.5万,西安,陕西,中国,景区通告
#10月14日新增900例本土无症状#疫情防控期间，防疫、防火同样重要。生活中很多不起眼的细节，存在很大的安全隐患。戳图查收安全提示↓↓#蓝朋友安全小提示#,Sat Oct 15 15:58:01 +0800 2022,2467781350,曲靖消防,23.8万,曲靖,云南,中国,10月14日新增900例本土无症状,蓝朋友安全小提示
#近期碎碎念#现在疫情天天要做核酸，有次队伍排得很长，七拐八拐队伍也排出了几处拐弯。当时我就在临近某个拐弯处，边玩手机边看到一位大娘站在那里伺机插队。在她快要动身的时候我一个箭步缩小了距离且侧过身背朝着她。插队失败的大娘骂骂咧咧地用方言念叨了我几句，我没听懂但也很生气。于是去k记买了现炸的薯条来弥补消解产生的情绪垃圾。最近很喜欢吃薯条，也可能是姨妈期将至最近胃口大开。粗薯yyds昨天去测本了，《内测剧本》，晚上9点测到1点。测本过程很不错，本的质量很好，测本的人也很有趣。以及我的菠萝头瞬间：情感玩家对结局杀人捅右胸不捅左胸的解释是因为那是移植的自己姐姐心脏不舍得，我：因为移植心脏并联到右胸得捅对地方。,Sat Oct 15 15:57:47 +0800 2022,6999616443,korrrrra,75,淄博,山东,中国,近期碎碎念
#疫情防控# 提醒近期入(返)湘人员：需持48小时核酸检测阴性证明，抵湘前应至少提前1天通过湖南省居民健康卡的“入湘报备”小程序或目的地的登记报备小程序报备。湖南省内中低风险区更新至10月15日10时，戳链接查看🔎三天两检具体措施 | 入（返）湘人员健康管理提示（全国高中低风险区更新至10月15日10时） 株洲发布的微博视频,Sat Oct 15 15:57:46 +0800 2022,1958345371,株洲发布,38.6万,长沙,湖南,中国,疫情防控
长春#长春疫情##长春疫情防控# 昨天我准备去长春，出发前给疾控中心打个电话问问防疫政策。具体流程是：我先打电话给疾控中心，小姐姐告诉我说需要隔离，还要贴封条。再三叮嘱我做好个人防护，态度非常贴心、善良！然后我又给入住酒店打了电话，双方口径是一致的。说只要是外省的来长春，全部先隔离3天再说，不管什么低风险，高风险，而且还要贴封条。总之一下子给我都整自闭了……,Sat Oct 15 15:57:44 +0800 2022,3549228771,一何以别离久一,13,沈阳,辽宁,中国,长春疫情,长春疫情防控
【2022 / 41周】--双子塔的视野好绝啊真的可以一眼看完厦大 🏫 可惜去的有点晚 天黑的特别快 看海直接就一片黑……52赫兹直接被我们包场了整个店就两个人hhhhhh 疫情真的很残忍😕不过生意这么差老板一样很热情还带我们参观了他们另外一个店不错不错必须好评👍🏻--百脑汇的展……怎么说呢第一次见这么小还收费的展内容看着有些压抑 主题和内容不太符不过他们的饮料名真的有点创意⬇️：你是不会当树吗：海的盖子：杀手也有小学同学：螳螂新婚夜：春天枪决……各种口味也是搭配得奇奇怪怪😑--可能真的减不了肥了 下周一定少吃！还有些照片发不了了  下周发！,Sat Oct 15 15:57:43 +0800 2022,5205999910,小学生周记-,674,厦门,福建,中国
兰州#兰州疫情#没关系精神稳定一分钟也很厉害了没关系神精稳定一分钟没精神关系稳定𝖈ᵒ𓆩♡𓆪....一分钟也很厉害了没dhdhb精定神稳一分钟也厉很害了没guan没关系精稳①分钟也很厉shshbs了没关系shsbbsjajqksnnx精神稳定一rï̴̠͓̭̜̗̾̽ᵐ精神神正常 ̝̦̬̤͖̗͕͎ͬ̂̕͠ ̛̛̾̒̊̈̈̇ͭ̾҉̱̹͙ ̪̖̠̱͎ͧͬͤͯ̄ͣͨ̚̚͘͠状况 ͮ ̶̶͓̤̩͉̻̩̘͕̠͍̳̳͔̣̬̰̤̺̹͉ͥͪ̽ͣͪ̒́̀ͤͬ̃̄̆̈́ͭͣ̇̓̊ͦ̍ͭ͂̽͑ͫ͢͟͡ͅͅ ̞͚̖̲͈̻̪̜̹͇̭̥̼̹̽͒̇̾͊ͮͪ̑͑̄͘.̢̬̜͇̳̣̮̩̗͈̝̪̭̲̓̆̄̒̈̊ͧ̈́̋ͥͬ̏͑ͨ͗̿ͨ̃ͧ͒͑̈̚̚҉͖̭̦̲̣͎̗̳̾̓̉̂͑͛ͧ̾̕͞ͅ ͆̆̏̋̄ͤ͏̧̨̧̡̛̳͙͙͚̮̥̙̖̞͈̜͖̱̻̪̗̱̠̼͈̠͔̯̺̳̥͔̱̟̱̥̣͎̫̰̣͕͆̀̈̓̃͋̐̓ͥ̀̐̐̽̑ͦ͑͗͑̄ͥ͒̀̚͟͜͜͡͞͞ͅͅ.͎̱̫̗̗̹̥̟̬̲̲͉͇͉̦̼̞͆̾͑̓͛̀̒͆͆͑ͯ͋ͭͬͤ̏ͬͮͤ͘͠͏͏̵̬̰̹̬̘͍͖̤̮̮̣͇̥͉̹̝̰͕̼̫̣͔͙̫̋ͬ̇̅ͤ̀̚ͅ҉͍̺̟̳͔̞̙̳͂̿͆ͯ̋̒̇ͨ͟͠ ̨̳͕͖̬̮̳̥͖͕͋̄̃͌̉̈ͮ̿ ͇͚̝̘̞̯̦̾ͬ̋̌̂͑ͤ̓ͭ̀͒̌̑̒̎͊☆૮꒰•༝•。꒱ა🫢也很厉害了𝖈ᵒr̢̺̜̺͂ ̍̆̊͜͝𝖊𝖊𓆩♡𓆪....・゜゜*.没关系精^_−☆神稳定𓆪....・゜𝖆l̴̢̠͕͇̖͒̎̑͗̽ ̈ ̈ ̊̚lʸ𝖕a̢̧͖͈͉͓̥̤͉̪̾̀̉̚͘llly༒★ ̊ ̟꒷꒦一[/cp],Sat Oct 15 15:57:27 +0800 2022,2796513834,·尐橙·,133,兰州,甘肃,中国,兰州疫情
朴灿烈原先是寄到家，因为上学不在家那边，让快递员寄到这边来，说疫情寄不了……想亖啊啊啊啊啊啊啊啊啊啊啊啊啊啊,Sat Oct 15 15:57:23 +0800 2022,6116522256,噗呲啦吐泡泡,180,重庆,重庆,中国
朴灿烈原先是寄到家，因为上学不在家那边，让快递员寄到这边来，说疫情寄不了……想亖啊啊啊啊啊啊啊啊啊啊啊啊啊啊,Sat Oct 15 15:57:23 +0800 2022,6116522256,噗呲啦吐泡泡,180,重庆,重庆,中国
我恍惚以为这是2019年…没有疫情没有新冠…她在台上跳着唱着…我可以在下面尖叫喊她的名字（小宝鼻头有点红了©️blackpearl1_1,Sat Oct 15 15:13:41 +0800 2022,5834557896,Xy_ARE_XYYYYYY,2.6万,深圳,广东,中国
家里花都开了，宝贝还不能回来，该死的疫情😷,Sat Oct 15 15:57:23 +0800 2022,3859514509,龙猫的小山竹,336,贵阳,贵州,中国
友友们我进去了#深圳疫情# 上班不居家 周末封在家,Sat Oct 15 15:56:55 +0800 2022,2431841704,是鸡毛和蒜皮,1132,深圳,广东,中国,深圳疫情
秋高气爽被封的第四天#疫情##深圳疫情#,Sat Oct 15 15:56:51 +0800 2022,1725599745,YAYATN,781,深圳,广东,中国,疫情,深圳疫情
#西安疫情#咱们大学生有没有提前放的可能,Sat Oct 15 15:56:49 +0800 2022,5532795724,湜盦,80,西安,陕西,中国,西安疫情
因家中老人突发疾病去世需回家处理相关事宜，致电石家庄市12345热线，以及承安镇疫情防控负责人，咨询防疫政策，得到两种不同的答复石家庄新乐市承安镇疫情防控负责人，拒绝接收常态化管控区域回乡报备，且要持续到十月底，声称目前天津属于重点区域，尽管是无新增病例的常态化管控区域，只要天津整个直辖市有新增病例就不允许返乡，这到底是执行的哪一项政策中的哪一个条例？另外，请问目前对于疫情防控所说的“非必要”不返乡中的“必要”条例有哪些，什么情况下能够“必要”返乡？都说除了生老病死都是小事，可这人死了也属于“非必要”的情况吗？目前就算是本人要响应3天2检，以及后续的管理政策，也没有机会，不接收报备是明文允许还是私自设定？一方声称可以报备，一方声称拒绝接收，这种自相矛盾的说辞与做法，是否符合疫情防控原则#非必要不返乡##石家庄疫情防控#,Sat Oct 15 15:56:45 +0800 2022,6187948675,没糖吃的萌懵兔,31,天津,天津,中国,非必要不返乡,石家庄疫情防控
想念喀什古城#喀什# 什么时候新疆的疫情能结束,Sat Oct 15 15:56:37 +0800 2022,5758156943,娜娜古丽要早睡,288,图木舒克,新疆,中国,喀什
买了一个多月的粉底液终于快到了 我真的栓q疫情,Sat Oct 15 15:56:36 +0800 2022,7305965486,吉安刘诗诗,22,吉安,江西,中国
#喜迎二十大 辽宁在行动##抗击疫情丹东在行动# 蒲石河枫叶红 刘玉柱摄,Sat Oct 15 15:56:26 +0800 2022,7598547591,振兴宣传,758,丹东,辽宁,中国,喜迎二十大 辽宁在行动,抗击疫情丹东在行动
#上海疫情##松江疫情# 醉了上海也太危险了…烦死了,Sat Oct 15 15:56:16 +0800 2022,5237495260,比奇堡裤头村居民,19,上海,上海,中国,上海疫情,松江疫情
#黑河疫情#静默，我爸说控制情绪，配合政府，不要网上乱说话。解封了就带你买网通小市场的锅包肉，中央街头的烤冷面烤面筋。你要听话。我爸今天，你去网上骂吧，不用控制情绪了。,Sat Oct 15 15:12:33 +0800 2022,2912287145,halfdream_88,235,黑河,黑龙江,中国,黑河疫情
#西安疫情#怎么一群人喊停课，一群人喊复课。。。。,Sat Oct 15 15:56:06 +0800 2022,3902980121,Anzie安致远,129,西安,陕西,中国,西安疫情
【2022年#世界粮食日#丨联合国粮农组织总干事屈冬玉署名文章】《同舟共济、攻坚克难、绝不让任何人掉队》“不让任何人掉队”不仅是今年“世界粮食日”的主题，更是针对当前局势而向世界各国发出的紧急呼吁。纵观时局，我们看到，包括乌克兰战争在内的地区冲突此起彼伏、延绵不绝；新冠疫情和气候危机席卷全球，造成严重影响。多重不利因素叠加共振，导致全球粮食安全危机愈演愈烈，在发展进程中掉队的民众不断增多。通货膨胀飙升以及粮食、饲料、燃料、肥料和能源价格飞涨，致使形势进一步恶化，粮食获取危机一触即发，更有可能在下一季度引发粮食供应危机。我们不仅要满足全球人口的粮食需求，更要为人类创造和平与平等的生活，建设包容、可持续发展的未来。因此，我们既不能放弃希望，也不能对问题听之任之，坐等形势改善。为应对上述挑战，必须采取多项切实有效的对策。#一起为粮食安全保驾护航#  2022年世界粮食日丨联合国粮农组织总干事屈冬玉署名文章,Sat Oct 15 15:56:06 +0800 2022,5262686616,联合国粮农组织,15.8万,,英国,英国,世界粮食日,一起为粮食安全保驾护航
#广东疫情#   10月15日0—12时，东莞市新增1例确诊病例（虎门镇），3例无症状感染者（虎门镇2例，道滘镇1例），其中2例在集中隔离发现，1例在非闭环管理重点人员筛查发现，1例在社区筛查发现。,Sat Oct 15 15:55:56 +0800 2022,2296966735,小助手668,1.7万,珠海,广东,中国,广东疫情
10月15日，星期六，阴，不冷不热、风柔柔地吹，我在高速口防疫值班。本是个放松休闲的日子，或是秋游或是赖床吃吃喝喝逛逛玩玩，不料辛苦如我、如你……再一次祈祷🙏愿早日消灭疫情，还人间康乐无忧！,Sat Oct 15 15:55:55 +0800 2022,1826816703,水到鱼鱼跃,191,宁德,福建,中国
#合肥疫情#封小区，封楼，现在又在周围装铁丝网。给个明确的通知就那么难吗？？？明明白白通知多少天可以解封，又不是不支持防疫工作，这样不明不白的封在家里，谁会没有情绪啊？？？,Sat Oct 15 15:55:49 +0800 2022,6422079997,Emit-etinifnIJS,529,合肥,安徽,中国,合肥疫情
阜阳故事 尊敬的无偿献血者 感谢您对无偿献血的支持 ，明天（2022年10月15日）       急需    A型     B型   O型   血小板，献血献爱心[爱心][爱心][爱心]😷 疫情期间，出门记得戴口罩😷  感谢您的参与 。🙏🙏🙏血小板采集时间：8：00—14：00温馨提示：献血前一天清淡饮食，请勿喝酒熬夜并携带有效身份证件 如献一个治疗量血小板未满14天，献两个治疗量血小板未满20天请勿重复捐献。献血热线：0558--2118775【血站信息】,Sat Oct 15 15:55:43 +0800 2022,5552795127,阜阳新媒体,1.9万,阜阳,安徽,中国
我人麻了！疫情之下艰难营业，刚拍完就被封了…#今天穿什么##时尚穿搭# 这两年爱惨了小香风，这身偏职业风一点！但是我还是添加了一点小巧思🤪一个公主风的背心就中和了过于职业感的氛围。项链作为点睛之笔，视觉上更容易锁定锁骨的线条～套装：AMASS背心：陈佳楠NN’s项链：KKLUE,Sat Oct 15 15:14:15 +0800 2022,1825431937,七七周__,126万,郑州,河南,中国,今天穿什么,时尚穿搭
#郑州疫情#此时此刻……,Sat Oct 15 15:55:36 +0800 2022,6006841844,老徐说球,116.2万,,河南,中国,郑州疫情
发布了头条文章：《彰显党组织力量  “融”聚各方力量  为疫情防控提供坚实保障》  彰显党组织力量  “融”聚各方力量  为疫情防控提供坚实保障,Sat Oct 15 15:55:32 +0800 2022,7292067871,鄂温克融媒体中心,48,呼伦贝尔,内蒙古,中国
【老照片】2019年，上海。疫情之初，黄浦江上的一位女船长。姑娘的短发看起来很飒，那白制服也很漂亮。不知道这是不是黄浦江上的观光游轮，我在上世纪末读初中时坐过一次。不懂就问，做名合格的船长是不是要考很多证？应该比做名司机难度大吧。还有内河船长与远洋船长有什么区别吗？,Sat Oct 15 15:55:30 +0800 2022,3163693955,唐哲同学,23.6万,惠州,广东,中国
#疫情下的生活#          窗外是半山的抹角处人迹罕至，仅有几架社区健身器材因天冷无人问津。         一辆较新的轿车停下，一个比较帅气衣着整洁爷们在从车里御下大小几十个快递，然后每个件看的很仔细分类动作笨拙。弯腰一会儿显然累了，在邮件里挑几次找个硬势的才垫在屁股下……分拣完又分类放车后箱后座副驾。直起身捶打几下腰上车走了……        爷们根本不是干这行，但生活要继续！,Sat Oct 15 15:55:23 +0800 2022,6244210876,悦君大叔,445,大连,辽宁,中国,疫情下的生活
根正苗红 #上海##上海疫情#,Sat Oct 15 15:55:19 +0800 2022,6133905875,DR小姐姐Yuqi,848,上海,上海,中国,上海,上海疫情
#郑州疫情#有没有一种可能郑州压根没有疫情！！！！！,Sat Oct 15 15:55:16 +0800 2022,5655373294,小淘气包马不跳,64,,河南,中国,郑州疫情
#深圳疫情# 今天的南山做核酸是5人一管，小舌头上还要刮一下。 深圳·前海石广场,Sat Oct 15 15:54:54 +0800 2022,1863638500,黯黯猪,352,深圳,广东,中国,深圳疫情
【#2022年10月15日东莞市新冠肺炎疫情情况#】10月15日0—12时，我市新增1例确诊病例（虎门镇），3例无症状感染者（虎门镇2例，道滘镇1例），其中2例在集中隔离发现，1例在非闭环管理重点人员筛查发现，1例在社区筛查发现。情况如下：2022年10月15日东莞市新冠肺炎疫情情况,Sat Oct 15 15:54:42 +0800 2022,2145932164,东莞日报,76.5万,东莞,广东,中国,2022年10月15日东莞市新冠肺炎疫情情况
#大同疫情#平城区各超市配送联系方式，希望能帮助到大家！,Sat Oct 15 15:54:30 +0800 2022,7692255539,果乐哆ya,17,太原,山西,中国,大同疫情
#赛优教育#每日一善每日一善 赛优教育#赛优教育受疫情与双减政策影响，教育培训行业形式持续低迷，在持续维持运营的情况下，机构配合监管机构的要求整顿。#赛优教育#根据监管部门要求本机构严格按照政策配合处理学员的退学费一事，保障每位消费者的合法利益。#今日头条##,Sat Oct 15 15:54:19 +0800 2022,2638720070,JSKR2011_439,107,深圳,广东,中国,赛优教育,赛优教育受疫情与双减政策影响，教育培训行业形式持续低迷，在持续维持运营的情况下，机构配合监管机构的要求整顿。,根据监管部门要求本机构严格按照政策配合处理学员的退学费一事，保障每位消费者的合法利益。,
#郑州疫情# 就这样，开始封控的周末以及接下来不知道多久的居家办公祝愿疫情退退退吧,Sat Oct 15 15:54:19 +0800 2022,6352253200,二寻清欢,290,郑州,河南,中国,郑州疫情
我奶八十五岁了。这可能是说不清第几次给我送吃的。我站在阳台攥紧手一直等着你的出现。一路摇摇晃晃的 之前说你矍铄没错 现在矍铄里有了几分步履蹒跚的样子  干嘛那么犟啊 怎么劝都不听 就要自己亲自送 我邀请上楼 偏偏不上楼 说“疫情特殊 孩子小 就不上去了 。”接过重重的袋子 心里就是实打实的沉甸甸，袋子那么沉你一路是怎么拎来的，这满到溢出来的爱我该如何接得住。希望你不用明见万里 但却能够长命百岁。,Sat Oct 15 15:54:16 +0800 2022,1785213481,晃晃肉耶yeah,643,兰州,甘肃,中国
在一个可能已经被珠海疫情防控遗忘的地方，做核酸还得打车（哦，还不一定能打到）……,Sat Oct 15 15:54:15 +0800 2022,6753086445,三分四十一秒,35,珠海,广东,中国
#郑州疫情#什么时候解封什么时候解封什么时候解封什么时候解封什么时候解封什么时候解封什么时候解封什么时候解封,Sat Oct 15 15:54:01 +0800 2022,1765997325,桃桃好好搬砖了嘛,559,郑州,河南,中国,郑州疫情
天总会亮的，没有太阳也会有月光#葫芦岛疫情##治愈不开心# 葫芦岛·沪上阿姨(葫芦岛兴城华联商厦店),Sat Oct 15 15:53:59 +0800 2022,5761444678,我的昵称是芋泥啵啵,84,葫芦岛,辽宁,中国,葫芦岛疫情,治愈不开心
#在我平淡的生活里#啊，被封了好久呢，但是也没有出现疫情,Sat Oct 15 15:53:48 +0800 2022,6074722221,榴莲牛奶牛角包ya,212,运城,山西,中国,在我平淡的生活里
#大同疫情#下楼做个核酸还吵一架，前面插队差一个就算了，还tm往过叫人插，问了一句您给几个人排，还把人家问恼了，排两个我让你插了，还往过叫，老了老了给脸不要,Sat Oct 15 15:53:45 +0800 2022,3287588330,pp花匠,73,大同,山西,中国,大同疫情
沙区又有地方解封了#重庆疫情防控##重庆疫情#,Sat Oct 15 15:53:38 +0800 2022,5722958638,耿直人在重庆,6482,重庆,重庆,中国,重庆疫情防控,重庆疫情
#阜阳疫情#外省过去考试行不行啊,Sat Oct 15 15:53:22 +0800 2022,6322958679,养一只卷耳嘛,672,景德镇,江西,中国,阜阳疫情
#防疫科普#【疫情防控无小事，这些知识要牢记！】,Sat Oct 15 15:53:42 +0800 2022,3839952336,毕节市七星关区政府,3025,毕节,贵州,中国,防疫科普
沙区又有地方解封了#重庆疫情防控##重庆疫情#,Sat Oct 15 15:53:38 +0800 2022,5722958638,耿直人在重庆,6482,重庆,重庆,中国,重庆疫情防控,重庆疫情
#阜阳疫情#外省过去考试行不行啊,Sat Oct 15 15:53:22 +0800 2022,6322958679,养一只卷耳嘛,672,景德镇,江西,中国,阜阳疫情
#杭州疫情#我想知道拱墅区现在是有疫情了么 为啥我刚下楼准备出去买饭 结果警察在门口不进不出了,Sat Oct 15 15:53:18 +0800 2022,6323557410,我才是公主房,149,杭州,浙江,中国,杭州疫情
#疫情防控# 【#南充# 对照自查！嘉陵区阳性病例活动轨迹公布】请在上述时间、地点有接触或轨迹交叉的人员，第一时间向属地乡镇（街道）、村（社区）或工作单位报备，居家不外出，并主动配合接受核酸检测，落实相应防控措施。,Sat Oct 15 15:53:09 +0800 2022,5522399953,南充政法,8.4万,南充,四川,中国,疫情防控,南充
疫情下的干饭日常 也不知道啥时候解封还有就是希望考试再延期一下吧,Sat Oct 15 15:53:06 +0800 2022,3556095597,又到梧桐吐绿时z,316,呼和浩特,内蒙古,中国
【疫情防控期间，老年人如何加强个人防护？】老年人由于生理机能退化，免疫力逐步降低，是新冠病毒的易感人群。同时，老年人往往合并一种或多种慢性疾病，是感染新冠病毒后的重症、死亡高风险人群。疫情防控期间，老年人应如何做好防护？武汉市疾控中心专家给出以下建议。加强个人防护患有基础性疾病需长期服药的老年人，不可擅自停药，可定期去附近的社区卫生服务机构取药，或经医生评估后开长期处方，减少就诊次数，也可由家属代取药物。呼吸道疾病流行期间，应尽量减少外出，如需外出，应正确佩戴口罩，做好手卫生。日常生活用品单独使用。注意开窗通风，适量运动，合理膳食，规律生活，保证睡眠。关注政府和权威媒体发布的信息，不信谣、不传谣。陪护人员应做好自身健康监测，尽量减少外出，如需外出要做好自身防护。及时接种疫苗目前，接种新冠病毒疫苗和做好个人防护是防控新冠肺炎最主要的措施。符合新冠病毒疫苗接种条件但没有接种的老年人要尽快接种，没有全程接种的要尽快补种。接种新冠病毒疫苗之后，符合加强针接种的老年人群，到了规定间隔时间，要尽快开展加强针接种。有基础性疾病的老年人，建议在病情平稳期进行接种。若拿不准，建议咨询接种医生或者临床医生，评估能否接种新冠病毒疫苗。建议提前了解新冠病毒疫苗接种流程和疫苗相关知识，提前预约，避免老年人在现场过多等待，引起疲劳、紧张等情况。在接种过程中，建议老年人由家属陪伴，防止出现意外摔倒等情况。最后，老年人在现场接种新冠病毒疫苗之后需留观30分钟。如遇到接种后出现不适症状，持续时间较长，建议尽快就医，如果怀疑和接种新冠病毒疫苗有关系，要尽快报告。,Sat Oct 15 15:53:03 +0800 2022,2648030085,硚口发布,11.7万,武汉,湖北,中国
"#奋进新征程 喜迎二十大#【棕树营北区社区 真诚为民办实事 忠诚献礼二十大】#小西带你走社区# 为学习党的创新理论,学习重要讲话精神,引领广大党员坚定信念,牢记使命,担当作为,奋力谱写社区高质量发展新篇章,以实际行动迎接党的二十大胜利召开,在做好疫情防控常态化工作的前提下,10月14日,棕树营北区社区党委开展了主题党日活动。",Sat Oct 15 15:53:00 +0800 2022,3846489597,昆明市西山区发布,29.8万,昆明,云南,中国,奋进新征程 喜迎二十大,小西带你走社区
中山本土有个壹加壹连锁超市，听说有很多分店。刚才准备去里面买点东西，临时忘了戴口罩，问门口工作人员有没有口罩提供。对方答：一块钱一个。我本来准备扫码买了，转念一想，还是扭头走了。疫情第三年了，这么大公司和门店，不免费给顾客提供口罩也就算了，竟然还敢要价一元一个。淘宝上199.9元可以买1000只独立包装的口罩，每个口罩约合0.19元，而你们竟然找有强烈消费意愿的客人要价一元一个！零售行业，产品都一样，价格也基本透明，拼的就是服务和售后。再说一家门店一天能遇到几个忘记戴口罩的顾客，拿出点格局来吧。,Sat Oct 15 15:08:25 +0800 2022,3686523390,大湾区孙启赢,13.2万,中山,广东,中国
【我们的呼和浩特一定会胜利】#呼和浩特越难越燃##爱上内蒙古##呼和浩特决战疫情##呼和浩特加油# 腾讯内蒙古的微博视频,Sat Oct 15 15:52:53 +0800 2022,1013781182,腾讯内蒙古,18万,北京,北京,中国,呼和浩特越难越燃,爱上内蒙古,呼和浩特决战疫情,呼和浩特加油
"#奋进新征程 喜迎二十大#【棕树营北区社区 真诚为民办实事 忠诚献礼二十大】#小西带你走社区# 为学习党的创新理论,学习重要讲话精神,引领广大党员坚定信念,牢记使命,担当作为,奋力谱写社区高质量发展新篇章,以实际行动迎接党的二十大胜利召开,在做好疫情防控常态化工作的前提下,10月14日,棕树营北区社区党委开展了主题党日活动。",Sat Oct 15 15:53:00 +0800 2022,3846489597,昆明市西山区发布,29.8万,昆明,云南,中国,奋进新征程 喜迎二十大,小西带你走社区
中山本土有个壹加壹连锁超市，听说有很多分店。刚才准备去里面买点东西，临时忘了戴口罩，问门口工作人员有没有口罩提供。对方答：一块钱一个。我本来准备扫码买了，转念一想，还是扭头走了。疫情第三年了，这么大公司和门店，不免费给顾客提供口罩也就算了，竟然还敢要价一元一个。淘宝上199.9元可以买1000只独立包装的口罩，每个口罩约合0.19元，而你们竟然找有强烈消费意愿的客人要价一元一个！零售行业，产品都一样，价格也基本透明，拼的就是服务和售后。再说一家门店一天能遇到几个忘记戴口罩的顾客，拿出点格局来吧。,Sat Oct 15 15:08:25 +0800 2022,3686523390,大湾区孙启赢,13.2万,中山,广东,中国
【我们的呼和浩特一定会胜利】#呼和浩特越难越燃##爱上内蒙古##呼和浩特决战疫情##呼和浩特加油# 腾讯内蒙古的微博视频,Sat Oct 15 15:52:53 +0800 2022,1013781182,腾讯内蒙古,18万,北京,北京,中国,呼和浩特越难越燃,爱上内蒙古,呼和浩特决战疫情,呼和浩特加油
#山西身边事# 【10月18日起 山西太原中小学将陆续复学！】10月15日，太原市疫情防控领导小组办公室下发《关于做好全市中小学校复学准备工作的通知》（以下简称《通知》），《通知》称，根据省、市疫情防控有关会议精神，结合我市当前疫情防控形势综合研判决定，除晋源区外其他县(市、区)属地内高三年级、初三年级按照10月18日复学做准备；高一、高二年级，初一、初二年级，中职学校，特殊教育学校按照10月19日复学做准备；小学、幼儿园、校外培训机构按照10月20日复学做准备。晋源区属地内初中、高中、中职、特教学校按照10月19日复学做准备；小学、幼儿园、校外培训机构按照10月20日复学做准备。,Sat Oct 15 15:52:45 +0800 2022,2516866423,山西经济日报社微博,11.2万,太原,山西,中国,山西身边事
#哈尔滨疫情#为啥领导总来大学溜达…..我们封得好好的 有那个精力维修一下宿舍图书馆教室 不比让学生无时无刻戴口罩强？,Sat Oct 15 15:52:44 +0800 2022,6116636485,LaVida11122,18,哈尔滨,黑龙江,中国,哈尔滨疫情
警方提醒 ：1、来电自称公检法、疫情流调员或政府部门要求通话保密，配合调查，接受资金审查，需要转账至“安全账户”或填写支付密码的，这就是诈骗！2、接到自称“客服”或“商家”的电话，称可以主动退款或理赔的，十有九骗！一定要登录官方购物网站查询相关信息。3、针对所有冒充类骗局，破解的关键就是通过官方渠道核实信息。这样，骗局就不攻自破了。4、牢记三不一多原则：未知链接不点击，陌生来电不轻信，个人信息不透露，转账汇款多核实。『注意！这些电话和短信慎接！』注意！这些电话和短信慎接！,Sat Oct 15 15:52:44 +0800 2022,1357894255,梁启学,2.2万,青岛,山东,中国
#抚顺疫情#吃了这顿下顿不知吃什么。凑合活着吧。🙏,Sat Oct 15 15:51:53 +0800 2022,7223380474,张子钧z,11,,辽宁,中国,抚顺疫情
捏妈的，快递又停了……这b疫情,Sat Oct 15 15:51:50 +0800 2022,6105690183,胡萝卜爱吃肖白兔,1.1万,上海,上海,中国
兰州餐饮店要求24h核酸  牛逼#兰州疫情#,Sat Oct 15 15:51:48 +0800 2022,7435244741,武陵補鱼人,945,兰州,甘肃,中国,兰州疫情
#郑州疫情#天选打工人 郑州·郑东商业中心,Sat Oct 15 15:51:46 +0800 2022,7299944032,张玮琪长大啦,1978,郑州,河南,中国,郑州疫情
#郑州疫情#今天出门买菜，路上人和车都很少，在这很少的人里占比最多的就是外卖小哥和uu跑腿小哥。骑小蓝才回家等红灯才发现，我每天在家听到的神秘哨声是人家公职人员维持交通秩序时吹的哨……,Sat Oct 15 15:51:07 +0800 2022,5124187874,静坐吸猫不思己过,105,郑州,河南,中国,郑州疫情
【临渭区纪委监委关于近期疫情防控有关问题的通报】#疫情防控履职不力临渭区两单位被通报##疫情防控渭南在行动# （临渭区纪委）,Sat Oct 15 15:51:05 +0800 2022,3303480313,渭南身边事,18.2万,渭南,陕西,中国,疫情防控履职不力临渭区两单位被通报,疫情防控渭南在行动
网页链接 #疫情# 疫情隔离在家，还能吃到这么多水果，感谢我的邻居，🙏🙏感恩，感谢，疫情无情人有情，加油！,Sat Oct 15 15:51:05 +0800 2022,7751191096,用户7751191096,2,绥化,黑龙江,中国,疫情
#疫情防控#【花都区居民购买生活物资指引】疫情当下，我区生活必需品消费市场供应库存充裕、货源供应充足、价格稳定，供销运输通道畅通。为进一步确保疫情防控期间居民购买生活物资顺畅，现发布居民购买生活物资指引如下：一、购买商超及电商平台。商场超市：广州市善待家生态农业有限公司、大润发、华润万家、广百、万客隆、永旺、永辉、人人乐、光之彩、麦德龙超市；电商平台：大润发淘宝淘鲜达、钱大妈、美团（美团优选、美团买菜、美团外卖、美团快驴）、叮咚买菜、万客隆、麦德龙、永旺到家、宝比商城。二、线上购买流程。一是下载注册。手机或电脑下载大润发淘宝淘鲜达、钱大妈、美团（美团优选、美团买菜、美团外卖、美团快驴）、叮咚买菜、万客隆、麦德龙、永旺到家、宝比商城app或微信小程序并按要求注册。二是选购下单。按照app或微信小程序要求选购所需要蔬菜、粮油、肉类、干货等下单。三是签收物品。接到电商平台商家送货人员电话通知后，错峰取货。居家隔离人员可按照要求协调相关人员送货人员代为送货上门。三、几点倡议。倡议广大市民不信谣、不传谣，理性购物，理性消费，无需恐慌抢购。倡议广大市民协同监督。如发现有哄抬物价、扰乱市场秩序的行为，请及时拨打12315举报电话进行投诉。倡议广大市民充分相信区委区政府，遵守好防疫规定，共同夺取抗疫胜利。花都区新型冠状病毒肺炎疫情防控指挥办生活物资保障组2022年10月15日,Sat Oct 15 15:50:57 +0800 2022,3186551403,广州花都发布,9.8万,广州,广东,中国,疫情防控
【东丽区疫情防控指挥部关于新增划定风险区的通告】广大居民朋友：根据当前疫情防控形势，为切实保障人民群众生命安全和身体健康，快速有效阻断疫情传播扩散风险，依据相关法律法规和疫情防控有关规定，经专家组综合研判，现将新增划定风险区相关事宜通告如下：一、自通告发布之日起，划定东丽区万新街昆悦里小区5号楼为高风险区。高风险区内，实行“足不出户、上门服务”等管控措施，居民定期进行核酸检测。二、自通告发布之日起，划定东丽区万新街昆悦里小区除5号楼以外区域为参照防范区管理的低风险区。风险区内，实施连续3日静态管理、每日进行核酸检测，检测结果均为阴性降为低风险区。风险区内人员非必要不离开风险区，疫情防控、核酸检测和社会运行保障等相关工作人员凭街道居委会开具的相关通行证明通行。 三、10月8日以来，具有万新街昆悦里小区5号楼旅居史人员，自暴露之日起集中隔离至末次暴露后7天，第1、2、3、5、7天进行核酸检测；具有万新街昆悦里小区除5号楼以外区域旅居史人员，自10月15日起严格居家隔离3天，核酸日检测，同住人员按照同样方式管理。以上人员请立即静止并主动向居住地社区、所在单位报备，配合落实好相关疫情防控措施。四、我区已建立物资保供机制，能够充分保障生活必需品供应。请广大居民安心居家，如有就医、购药等特殊需要及健康码赋码异常等相关疑问，及时联系所在社区。同时，严格遵照《中华人民共和国传染病防治法》履行公民法定义务，服从社区工作人员统一安排，全力配合做好风险人员协查管控工作，依法接受有关传染病的调查、样本采集、检测、隔离治疗等预防控制措施，如实提供有关情况，如出现发热、咳嗽、味（嗅）觉减退等症状第一时间向社区报告，按照疫情防控有关规定到指定医院发热门诊就诊，严禁瞒报、漏报、迟报，对拒不执行疫情防控相关措施的，将依法从严追究法律责任。五、请广大居民密切关注官方权威发布信息，不恐慌、不信谣、不传谣、不造谣，一切以官方通报为准。以上防控措施停止执行时间另行通知。如有需要，此通告可作为请假证明。东丽区疫情防控指挥部2022年10月15日,Sat Oct 15 15:10:02 +0800 2022,2288486705,奏耐天津,214.1万,天津,天津,中国
#徐州疫情#能不能管好啊我真服了。。没消息不知道什么情况， 学校里的连市中心几个区都不知道怎么样了更别提六县。我买的快递给我说不能发过来、、我真的服了啊啊啊我的快递你mad我抢了好久给我说退款我恨,Sat Oct 15 15:50:49 +0800 2022,7517230898,Morishimakotoko,30,徐州,江苏,中国,徐州疫情
给广东省的情报系统点个赞绕开甘肃省的通报，对甘肃疫情洞若观火,Sat Oct 15 15:50:45 +0800 2022,1551159760,刘若晴,64.6万,中山,广东,中国
今天本来打算美美的和舍友出去吃好吃的 结果被这b疫情绊住了 画了个妆下楼出不去直接去超市大买特买了 气死我了死疫情[泪][泪][泪][泪],Sat Oct 15 15:50:32 +0800 2022,7631275292,喜欢小狗没有错,1,,广西,中国
转眼开画室十几年，一直顺风顺水，这两年惨遭疫情生意的确差很多。但我们还在坚持。古韵画室加油💪！深圳龙华 #深圳# #书画# #少儿培训# #美术培训# 深圳,Sat Oct 15 15:50:02 +0800 2022,1646577660,深圳古韵画室美术培训,1587,深圳,广东,中国,深圳,书画,少儿培训,美术培训
我的城市生病了，大家一起度过寒冬，让我有家可回#运城疫情#,Sat Oct 15 15:49:49 +0800 2022,2679247525,朝朝朝着梦想前进,314,运城,山西,中国,运城疫情
【东丽区疫情防控指挥部关于新增划定风险区的通告】广大居民朋友：根据当前疫情防控形势，为切实保障人民群众生命安全和身体健康，快速有效阻断疫情传播扩散风险，依据相关法律法规和疫情防控有关规定，经专家组综合研判，现将新增划定风险区相关事宜通告如下：一、自通告发布之日起，划定东丽区万新街昆悦里小区5号楼为高风险区。高风险区内，实行“足不出户、上门服务”等管控措施，居民定期进行核酸检测。二、自通告发布之日起，划定东丽区万新街昆悦里小区除5号楼以外区域为参照防范区管理的低风险区。风险区内，实施连续3日静态管理、每日进行核酸检测，检测结果均为阴性降为低风险区。风险区内人员非必要不离开风险区，疫情防控、核酸检测和社会运行保障等相关工作人员凭街道居委会开具的相关通行证明通行。 三、10月8日以来，具有万新街昆悦里小区5号楼旅居史人员，自暴露之日起集中隔离至末次暴露后7天，第1、2、3、5、7天进行核酸检测；具有万新街昆悦里小区除5号楼以外区域旅居史人员，自10月15日起严格居家隔离3天，核酸日检测，同住人员按照同样方式管理。以上人员请立即静止并主动向居住地社区、所在单位报备，配合落实好相关疫情防控措施。四、我区已建立物资保供机制，能够充分保障生活必需品供应。请广大居民安心居家，如有就医、购药等特殊需要及健康码赋码异常等相关疑问，及时联系所在社区。同时，严格遵照《中华人民共和国传染病防治法》履行公民法定义务，服从社区工作人员统一安排，全力配合做好风险人员协查管控工作，依法接受有关传染病的调查、样本采集、检测、隔离治疗等预防控制措施，如实提供有关情况，如出现发热、咳嗽、味（嗅）觉减退等症状第一时间向社区报告，按照疫情防控有关规定到指定医院发热门诊就诊，严禁瞒报、漏报、迟报，对拒不执行疫情防控相关措施的，将依法从严追究法律责任。五、请广大居民密切关注官方权威发布信息，不恐慌、不信谣、不传谣、不造谣，一切以官方通报为准。以上防控措施停止执行时间另行通知。如有需要，此通告可作为请假证明。东丽区疫情防控指挥部2022年10月15日,Sat Oct 15 15:10:02 +0800 2022,2288486705,奏耐天津,214.1万,天津,天津,中国
#徐州疫情#能不能管好啊我真服了。。没消息不知道什么情况， 学校里的连市中心几个区都不知道怎么样了更别提六县。我买的快递给我说不能发过来、、我真的服了啊啊啊我的快递你mad我抢了好久给我说退款我恨,Sat Oct 15 15:50:49 +0800 2022,7517230898,Morishimakotoko,30,徐州,江苏,中国,徐州疫情
蔡徐坤周边站付邮送有人要吗一共5本广东省邮费8r+5r其他省统一（除偏远）12r+5r5r是因为我这有疫情 封了很多地方 所以要寄出去的话 那个快递公司收的邮费会贵一点,Sat Oct 15 15:50:47 +0800 2022,7222375315,理综卷kjlamissk,25,广州,广东,中国
给广东省的情报系统点个赞绕开甘肃省的通报，对甘肃疫情洞若观火,Sat Oct 15 15:50:45 +0800 2022,1551159760,刘若晴,64.6万,中山,广东,中国
转眼开画室十几年，一直顺风顺水，这两年惨遭疫情生意的确差很多。但我们还在坚持。古韵画室加油💪！深圳龙华 #深圳# #书画# #少儿培训# #美术培训# 深圳,Sat Oct 15 15:50:02 +0800 2022,1646577660,深圳古韵画室美术培训,1587,深圳,广东,中国,深圳,书画,少儿培训,美术培训
#疫情中的宠物#加油,Sat Oct 15 15:50:01 +0800 2022,7647791105,霖岁岁安,1055,海口,海南,中国,疫情中的宠物
我的城市生病了，大家一起度过寒冬，让我有家可回#运城疫情#,Sat Oct 15 15:49:49 +0800 2022,2679247525,朝朝朝着梦想前进,314,运城,山西,中国,运城疫情
天津开学 以后改按街道停了或者有人说疫情常态化以后再也不线上了真假啊？？？刚才被吞了,Sat Oct 15 15:49:46 +0800 2022,7113977752,珞桉an,41,天津,天津,中国
【商丘市疫情防控指挥部办公室】提醒您：为保障您和他人健康，请遵守疫情防控有关规定，少聚会、勤洗手、常通风、吃熟食、戴口罩、自觉接种疫苗、异常症状早就诊 。,Sat Oct 15 15:49:46 +0800 2022,2477203181,商丘气象,31.3万,商丘,河南,中国
刷题组 【打卡内容】10月17日申论01概括题@我爱学申论 （学校有疫情拿不了快递 只能用之前买的答题卡写了）,Sat Oct 15 15:49:36 +0800 2022,5054679380,Vaaanillla,2640,郑州,河南,中国
