飞利浦电动牙刷智能充电底座成人全自动钻石AI刷HX9996/97,3699.00元,300+人付款,飞利浦官方旗舰店
飞利浦声波电动牙刷全自动充电式成人男女情侣款杀菌智能HX2451,769.00元,4000+人付款,飞利浦官方旗舰店
飞利浦男士剃须刀新旅行便携式官方旗舰店正品电动充电迷你刮胡刀,699.00元,63人付款,飞利浦京创专卖店
Philips飞利浦电动牙刷自动声波震动智能净白牙刷头HX6730刷头,459.00元,2000+人付款,天猫国际进口超市
飞利浦制氧机便携氧气吸氧机5L制氧机家用吸氧机老人医用孕妇氧疗,5996.00元,100+人付款,飞利浦医疗器械官方旗舰店
飞利浦led台灯护眼学习专用充电式学生儿童宿舍家用书桌超长续航,229.00元,5000+人付款,飞利浦优麦专卖店
【自营】飞利浦电动牙刷声波震动牙刷HX2471自动正品充电刷头亮白,529.00元,300+人付款,天猫国际进口超市
飞利浦理发器电推剪理发神器自己剪剃发家用自助电推子电动剃头刀,309.00元,7000+人付款,飞利浦个人护理旗舰店
飞利浦电动剃须刀S5080男士三刀头刮胡刀水洗胡须刀原装正品S5000,428.00元,35人付款,友邦电器城
飞利浦男士电动剃须刀智能多功能胡须刀刮胡刀盒S5366官方送礼物,699.00元,2000+人付款,飞利浦官方旗舰店
飞利浦电动牙刷智能充电底座成人全自动钻石AI刷HX9996/97,3699.00元,300+人付款,飞利浦官方旗舰店
飞利浦剃须刀电动充电式水洗官方旗舰店正品刮胡刀男士胡须刀礼物,309.00元,3万+人付款,飞利浦个人护理旗舰店
【家装节预售】飞利浦轩坦护眼led国AA级儿童书桌学生阅读台灯,699.00元,2000+人付款,飞利浦照明官方旗舰店
飞利浦电动牙刷头HX6013HX9023HX9033替换HX6730//HX3226官方正品,159.00元,3000+人付款,天猫超市
飞利浦A5儿童学生国AA级学习专用书桌卧室宿舍床头led护眼台灯,2099.00元,1000+人付款,飞利浦照明官方旗舰店
飞利浦意式全自动咖啡机EP3146小型家用办公室商用奶泡一体1761,3799.00元,3人付款,苏宁易购官方旗舰店
飞利浦护眼小台灯学习专用宿舍大学生床头灯磁吸附充电酷毙灯1518,119.00元,3000+人付款,苏宁易购官方旗舰店
飞利浦电动剃须刀男S5082充电式多功能刮胡刀官方旗舰店正品S5080,359.00元,200+人付款,欧姆龙商城
飞利浦电动剃须刀S8050/8850刮胡刀男士智能充电三刀头水洗原正品,738.00元,41人付款,九阳豆浆机华北总代理
飞利浦电动剃须刀S5166男士刮胡刀官方正品S5366 S5066新款送男友,309.00元,400+人付款,bjwlt010
飞利浦电动剃须刀男官方旗舰店正品新款多功能刮胡刀送男友胡须刀,549.00元,1000+人付款,philips飞利浦丽新专卖店
飞利浦空气炸锅家用新款2022电炸锅全自动一体多功能大容量HD9270,1899.00元,500+人付款,飞利浦电器旗舰店
飞利浦电动剃须刀PQ888男迷你便携刮胡刀2022新款送男友七夕礼物,569.00元,16人付款,天边的郁金香
飞利浦电吹风机家用2021新款官方大功率负离子护发电吹风筒BHD356,189.00元,58人付款,京创电器专营店
飞利浦电动牙刷全自动HX6730软毛充电式情侣成人声波女官方旗舰店,419.00元,3000+人付款,philips飞利浦丽新专卖店
飞利浦剃须刀新款充电式电动刮胡刀男士官方正品S3203/3202/3102,279.00元,51人付款,韩诗曼maple
飞利浦电动剃须刀男士黑蜂巢三刀头刮胡刀S5587李现同款正品进口,999.00元,1000+人付款,飞利浦海外旗舰店
飞利浦酷毙LED台灯学习专用护眼宿舍书桌充电床头灯磁吸吸附式,119.00元,5000+人付款,philips飞利浦煊楷专卖店
飞利浦空气炸锅家用十大品牌新款无油多功能电炸锅全自动烤箱一体,1299.00元,1000+人付款,飞利浦腾飞专卖店
飞利浦led灯带条吊顶灯条客厅氛围220v固定卡扣自粘嵌入式背景墙,27.00元,3000+人付款,philips飞利浦突锐专卖店
飞利浦磁吸灯宿舍台灯充电酷毙灯学生学习专用寝室磁铁吸附护眼灯,129.00元,6000+人付款,飞利浦优麦专卖店
飞利浦电动剃须刀PQ190 充电式男刮胡刀无线双头水洗胡须刀PQ182,77.00元,100+人付款,北京信誉专卖
飞利浦LED台灯护眼学习专用学生儿童宿舍充电式家用阅读床头书桌,189.00元,2000+人付款,philips飞利浦创国专卖店
飞利浦键盘鼠标套装USB有线电脑台式笔记本办公专用打字机械手感,24.90元,1万+人付款,飞利浦凯网专卖店
飞利浦sbm200小蜜蜂扩音器教师用无线麦克风教学专用上课多功能耳麦便携式小型户外喇叭扬声喊话播放机送话器,199.00元,2000+人付款,philips飞利浦初音专卖店
飞利浦电动剃须刀 男士充电式胡须刀刮胡刀菲利普官方旗舰店正品,359.00元,300+人付款,philips飞利浦本汇专卖
飞利浦电动男士剃须刀官方旗舰店正品礼盒送老公男友刮胡刀s5531,999.00元,700+人付款,飞利浦京创专卖店
飞利浦电动剃须刀S1103男士充电式水洗正品刮胡刀S1113送男友礼物,108.00元,100+人付款,东晟电商
飞利浦LED充电式台灯宿舍床头护眼书桌阅读学习看书夹子夹灯夹式,69.00元,1万+人付款,philips飞利浦煊楷专卖店
飞利浦空气净化机器家用除甲醛孕妇宠物新房智能室内去烟雾AC4072,2799.00元,400+人付款,飞利浦润氏专卖店
飞利浦美式咖啡机家用小型研磨一体机全自动办公室现磨热销榜商用,1299.00元,900+人付款,飞利浦腾飞专卖店
【直营】飞利浦吸尘器家用卧式大吸力有线大功率除螨机FC8632清洁,1099.00元,65人付款,天猫国际进口超市国内现货
Philips/飞利浦成人钻石声波电动牙刷黑粉钻HX9352/HX9332/HX9362,1299.00元,600+人付款,飞利浦海外旗舰店
飞利浦电动剃须刀2020新款男士充电式官方正品原装刮胡刀全身水洗,148.00元,2000+人付款,休伯特企业店
飞利浦声波电动牙刷HX9352/HX9362智能充电成人钻石亮白全新正品,510.00元,600+人付款,08小雨09
飞利浦充电台灯护眼学习专用学生儿童宿舍卧室床头灯阅读超长续航,169.00元,1000+人付款,philips飞利浦皖梦专卖店
飞利浦电动剃须刀全身水洗官方旗舰店正品 剃刮胡刀送礼新款S1113,174.00元,81人付款,bjwlt010
飞利浦SBM210小蜜蜂扩音器教师专用无线麦克风话筒耳麦头戴式教学讲课上课用音响小型便携式二胡扩音机老师节,329.00元,1000+人付款,philips飞利浦酷客专卖店
飞利浦SBM210小蜜蜂扩音器教师专用无线麦克风话筒耳麦头戴式教学讲课上课用音响小型便携式二胡扩音机老师节,329.00元,1000+人付款,philips飞利浦酷客专卖店
飞利浦水通道蛋白净水器全屋家用直饮1200G反渗透纯水台式净水机,4499.00元,100+人付款,飞利浦净水旗舰店
飞利浦意式全自动咖啡机EP5144小型家用办公室商用打奶泡研磨一体,7299.00元,63人付款,飞利浦电器旗舰店
飞利浦剃须刀S7731/7732电动刮胡刀黑蜂巢智能全身水洗进口男正品,738.00元,400+人付款,九阳豆浆机华北总代理
飞利浦家用大吸力吸尘器FC9735/8632大功率强力手持除螨仪XB2023,529.00元,54人付款,坎坷路上的龙
飞利浦电动牙刷UOOHA联名款全自动充电式声波成人男女情侣套装,399.00元,1000+人付款,uooha旗舰店
【自营】飞利浦意式浓缩全自动咖啡机家用研磨一体机小型EP3146,5599.00元,36人付款,天猫国际进口超市国内现货
飞利浦无线鼠标可充电式蓝牙静音办公专用适用苹果笔记本台式电脑,24.90元,1万+人付款,飞利浦凯网专卖店
飞利浦剃须刀新款剃胡刀s1103礼盒官方旗舰店正品男士电动刮胡刀,199.00元,1000+人付款,飞利浦京创专卖店
飞利浦轩坦护眼led国AA级儿童书桌学习专用学生写字阅读台灯66136,699.00元,5000+人付款,飞利浦照明官方旗舰店
飞利浦电动剃须刀水洗刮胡刀男士智能便携迷你胡须刀PQ888礼物,699.00元,1000+人付款,飞利浦官方旗舰店
飞利浦男士电动剃须刀S8980胡须刀刮胡刀官方旗舰店智能礼物水洗,1299.00元,1000+人付款,飞利浦官方旗舰店
【自营】Philips/飞利浦声波电动牙刷钻石HX9352 升级智能HX9911,1299.00元,700+人付款,天猫国际进口超市
【欢乐生活节】飞利浦电动牙刷全自动成人男女官方旗舰店HX2421,349.00元,6000+人付款,飞利浦个人护理旗舰店
【自营】飞利浦成人声波钻石电动牙刷HX9352HX9362白粉黑钻情侣款,1299.00元,1000+人付款,天猫国际进口超市
飞利浦电吹风机家用大功率大风力男士发型师学生速干工业专用风筒,119.00元,8000+人付款,飞利浦个人护理旗舰店
飞利浦A7儿童学生国AA级学习专用书桌卧室宿舍床头LED护眼台灯,3399.00元,400+人付款,飞利浦照明官方旗舰店
Philips/飞利浦 黑珍珠咖啡机EP1221家用办公打奶泡研磨一体1761,2199.00元,10人付款,苏宁易购官方旗舰店
Y飞利浦男士电动剃须刀S5531官方旗舰店正品刮胡刀全身水洗,679.00元,24人付款,苏宁易购官方旗舰店
飞利浦剃须刀电动男官方旗舰店正品送男友刮胡刀新款胡须刀s1103,189.00元,5000+人付款,philips飞利浦丽新专卖店
飞利浦充电台灯学习专用护眼阅读灯宿舍书桌床头led超长续航台灯,309.00元,1000+人付款,飞利浦优麦专卖店
飞利浦电动牙刷全自动HX2421声波成人充电式情侣套装软毛女旗舰店,289.00元,2000+人付款,philips飞利浦丽新专卖店
飞利浦充电台灯护眼学习专用学生宿舍书架夹式夹子床头书桌阅读灯,89.00元,4000+人付款,飞利浦优麦专卖店
【自营】飞利浦咖啡机家用小型美式全自动现磨豆机研磨一体办公室,1589.00元,200+人付款,天猫国际进口超市国内现货
飞利浦车载空气净化器消除甲醛新车异味烟雾霾汽车内净化器GP5201,519.00元,700+人付款,philips智行豹专卖店
飞利浦胡须造型器刮胡刀修胡子电动剃须刀胡须造型鬓角胡子修剪器,169.00元,1000+人付款,飞利浦京创专卖店
Philips/飞利浦HD9200新款空气炸锅无油电炸锅薯条机家用全自动,999.00元,400+人付款,天猫超市
飞利浦磁吸台灯学习专用宿舍酷毙灯书桌吸附护眼吸顶壁挂式可充电,159.00元,2000+人付款,philips飞利浦皖梦专卖店
飞利浦电动剃须刀男士充电式菲利普官方旗舰店正品刮胡刀整机进口,219.00元,1000+人付款,飞利浦本汇专卖店
飞利浦无线鼠标可充电式静音无声办公家用台式电脑笔记本通用无限鼠标男女生适用于苹果联想华为惠普,29.90元,9000+人付款,飞利浦卡博专卖店
原装飞利浦电动牙刷头G2替换头HX3225a/3226C适用6730/2421P/243W,79.00元,2000+人付款,tb047330553991
飞利浦电动牙刷头HX6063替换头hx9362/9352通用钻石刷头官方正品,179.00元,1000+人付款,天猫超市
飞利浦空气炸锅新款无油电炸锅薯条机家用全自动多功能HD9200,999.00元,400+人付款,飞利浦电器旗舰店
飞利浦电动牙刷hx6730声波防水智能男女士专用情侣款成人官方正品,222.00元,800+人付款,鸿淇数码
飞利浦空气炸锅智能新款电炸锅家用全自动多功能大容量烤箱HD9252,1899.00元,400+人付款,飞利浦电器旗舰店
飞利浦鼠标有线USB办公游戏cf专用机械电竞lol商务笔记本静音无声台式电脑适用于华为苹果联想华硕惠普男女生,29.90元,1万+人付款,飞利浦卡博专卖店
飞利浦电动牙刷成人软毛生日礼物自动声波男女情侣HX2471官方正品,499.00元,700+人付款,天猫超市
Philips/飞利浦电动理发器电动剃头剪发家用电推子HC3688/3689,139.00元,19人付款,天猫国际进口超市国内现货
飞利浦空气净化机器家用除甲醛新房除烟尘孕妇宠物卧室小型AC1736,2499.00元,300+人付款,飞利浦润氏专卖店
飞利浦电动剃须刀送男友S1060菲利普刮胡刀胡须刀S1101 S1103正品,203.00元,29人付款,京创名店
飞利浦官方键盘鼠标套装静音办公专用打字有线外接台式电脑男女生舒适游戏USB商务家小笔记本无线声机械手感,39.90元,3000+人付款,飞利浦凯网专卖店
philips飞利浦sonicare电动牙刷头C1/C2/G2替换头hx3250a/hx6730,79.00元,2000+人付款,护牙专家8868
飞利浦理发器自己剪神器电推剪HC5450升级HC5690电推子家用QC5130,240.00元,23人付款,韩诗曼maple
飞利浦电动牙刷HX2471成人智能声波震动充电防水牙刷敏感自动学生,154.00元,900+人付款,九阳豆浆机华北总代理
