大渡口区文体支路占道停车严重，影响市民通行,【网上12345】关于大渡口区教委门口旁边乱停车影响救护车和消防车通过，这个问题已经给大渡口交警队打电话报警几次了，一直没有解决实际问题，就是过来贴一个单子就走了。如果发生火灾到时候那个责任，消防车和救护车不能够通过，还有就是大渡口顺祥壹街区A区整个一圈乱停车占用班马线人只能够走旁边如果出事故责任那个负责，旁边都是车库，为啥子不停车库。希望交警队惩罚力度大一点，不要打电话过来开一个发的发单，就走了，这样处理结果有啥子意思。,2022-09-02 17:49:04,大渡口区公安分局交巡警支队已依法对乱停乱放车辆进行拖移，同时加大对文体支路违法停车的巡查和整治力度。
璧山区一村民住房的房檐上有马蜂窝，存在安全隐患,【网上12345】2022年8月9日，白鹤村2组邓世全到村办公室反应，自己家屋檐下有马蜂窝，请求村委会找人帮忙处理掉,2022-08-24 08:56:35,广普镇政府已安排工作人员帮助村民摘除马蜂窝，消除安全隐患。
荣昌区体育文化公园塑胶地面磨损严重，影响市民锻炼,【网上12345】荣昌区迎宾社区体育公园于2022年4月30日开放至今不到三个月就损坏。请有关部门责令建设单位维修,2022-08-16 11:19:12,荣昌区城市管理局已督促施工单位对损坏的塑胶地面进行修复，现已修复完毕。
江北区望江公交车站休息凳损坏,【网上12345】尊敬的领导：您好！重庆市江北区817公交车起点站望江公交站的休息板凳有一部分是不完整的，希望相关部门能够尽快修复，谢谢！,2022-08-12 12:25:17,郭家沱街道办事处已安排工人对休息凳进行修复。
石柱县万安街道三环路附近垃圾站异味扰民,【网上12345】万安街道三环路金御江山与恒宇天街之间的垃圾处理站酸臭味非常大，小区里面都闻得到，严重影响生活，请问是否符合城区垃圾中转站的各项规定，政府相关部门管理是否到位？各种垃圾车凌晨在金御江山门口红绿灯至垃圾站之间逆行，严重影响交通安全。,2022-08-02 15:40:19,石柱县城市管理局要求垃圾站工作人员每天定时对垃圾站设施设备、场地环境以及转运过来的垃圾进行喷雾消毒除臭，现垃圾站周边已无异味。
铜梁区蒲吕街道一主干道存在渣土车长期乱停乱放现象,【网上12345】高新区平场工地几十辆渣车在7号干道上乱停乱放，存在严重道路安全隐患,2022-07-28 15:08:52,  蒲吕街道办事处已对该路段乱停乱放车辆进行整顿，并加强巡逻，确保道路畅通。
北碚区施家梁镇一公路两边杂草丛生影响驾驶,【网上12345】大岚垭到板栗湾的路两边长满了杂草，开车路都过不了，影响行驶安全，政府部门来清理下赛,2022-07-20 10:42:27,施家梁镇政府已安排工作人员对该道路两边的杂草进行清理，并加大对辖区乡村道路的巡查管护。
铜梁区东城街道一消防栓漏水,【网上12345】我发现龙福五路42号门前消防栓已经漏水两天了，太浪费资源了，希望可以尽快安排人来维修。,2022-07-18 08:17:06,东城街道办事处立即联系水务公司处理，已对损坏的消防栓进行修复。
沙坪坝区石井坡街道前进坡菜市场附近一路灯故障,【网上12345】前进坡菜市场环山公路段的路灯这段时间长期出问题，修了又坏，居民区老人居多，这里还有分岔路口，车流量较大，出行极其不安全，能否更换更好的路灯设备！,2022-07-15 16:34:05,石井坡街道办事处派人现场核实，系因近期高温天气致该路灯控制器故障，已派人对损坏零件进行更换，现已恢复正常照明。
北碚区三圣镇一灌溉渠被堵塞,【网上12345】村民彭代秀反映，前几天暴雨，板桥二组大堰塘外堰沟被雨水冲下来的泥土堵塞了，现在正值抗旱节点，田地里的庄稼急需灌溉，希望尽快疏通堰沟。,2022-07-06 16:30:29,"三圣镇政府已及时安排工人疏通堵塞的灌溉渠，现已恢复正常灌溉。
"
九龙坡区白马花园小区车库积水,【网上12345】白马花园小区人行道下水管道堵塞很久，一直未解决，昨晚大雨，车库又积水很多，半夜物管通知大家挪车，根本就来不及开出来，很多人进去了也容易被困住，现在正是夏季，暴雨时间很多，老小区很多是老年人车库积水都到膝盖位置了，危险系数很大，请领导引起重视，尽快解决，感谢,2022-06-28 09:44:51,已会同区城管局、住建委等单位赴现场处置，将车库积水抽排干净并清除淤泥，疏通下水管道，现已恢复正常。
沙坪坝区井口街道有道路路面破损,【网上12345】井口美丽阳光家园212国道路段，破损非常严重，经过多次修补，根本没有解决问题，路面极不平整，井盖下沉，坑坑洼洼，车辆避让容易发生事故，。特别是晚上，货车过路，好像打雷一样，噪音极大，严重影响几万居民的生活和休息，而几年了，根本没人管！,2022-06-16 17:16:29,沙坪坝区城市管理局已组织工人对破损路面进行修复，保障车辆通行安全。
沙坪坝区永辉超市新桥店安装的制冷设备噪音扰民,【网上12345】永辉超市新桥店冷却塔安装在新桥新都小区1栋住宅楼旁边，约两层楼高，安装位置本身就不符合环保要求，且未做任何隔音措施，附件居民每日生活在巨大的噪音中，已严重影响我们的正常生活。请有关部门到现场查验，责令其搬迁或整改，直至满足环保要求，还周边居民一个安静舒适的居家环境。,2022-06-08 11:29:57,经沙坪坝区新桥街道办事处现场核实，已督促永辉超市立即整改，目前已将排风口调整方向，背对居民区，并安装百叶窗进行降噪处理。
北碚区解放路小区自来水管破裂影响居民正常用水,【网上12345】解放路50号7、8单元，52号1、2单元居民楼突发主水管破裂，几十户家庭停水，请社区相关人员尽快解决。,2022-05-25 17:08:00,经北碚区水土街道办事处核实，该小区为老旧小区，自来水管破裂系年久失修所致。经安排工作人员维修，供水已及时恢复正常。下一步将加强辖区类似小区自来水管日常检修。
江北区大川滨水城小区附近新建人行天桥的扶梯未启用导致市民通行不便,【网上12345】江北区石马河街道大川滨水城门口人行天桥2022年1月份完工后，两边的电梯通道一直关闭，相当于四个方向通行的天桥被关闭了四分之三，所以几乎没人走人行天桥过马路，浪费了修天桥钱，天桥还占用了大部分的路边通道增加了走下面过马路的安全隐患。天桥上封闭电梯通道用的仅仅是一片很薄的铁皮，很容易被挤倒，存在很大的安全隐患。江北区住建委对天桥的电梯通道迟迟不能通行的解释说法逻辑不清，语句混乱，根本就是在掩盖问题。,2022-05-18 17:09:18,经江北区住房城乡建委核实，该人行天桥的扶梯未投入使用系调试未结束所致，已督促施工方抓紧时间调试，并组织验收，现已投入使用。
北碚区翡翠湖小学附近人行道不时有碎石掉落存在安全隐患,【网上12345】翡翠湖小学门口红绿灯附近堡坎有石头冲到了行人道上，很危险，娃儿很多，能不能早点处理。,2022-05-12 08:13:57,经北碚区童家溪镇工作人员现场核实，已立即安排工人对堡坎进行加固处理，并将掉落至人行道上的碎石清扫干净，消除安全隐患。
渝中区星辰花园小区部分居民占用消防通道停车存在安全隐患,【网上12345】渝中区解放西路225号星辰花园，消防通道一直被停车占用，行人通行道路也被占完了,2022-04-24 18:23:43,经渝中区南纪门街道办事处工作人员现场核实，已对违规安装的地锁进行拆除，对涉事居民进行教育，并将加强后期监管。 
万州区陶家坪小区污水管道破裂影响居住环境,【网上12345】您好，我是陶家坪13号楼8单元的住房。因我们楼栋下的污水管道破裂，一直流水不止。已向社区居委会反映。但居委会表示，因原管理部门管理权限到期已做交接，但新管理部门一直未接手，现无人处理。因我们陶家坪13号楼8单元为建立在防护坡上，而污水管道破裂处就在防护坡上。大量流水会产生严重的安全隐患。请求尽快派专业部门处理。,2022-04-19 10:25:20,经万州区钟鼓楼街道办事处核实，污水管道破裂情况属实，社区已安排人员对破裂的管道进行疏通修复，现已处置完毕。
合川区学院路一智能语音红绿灯播报声扰民,【网上12345】涪江二桥桥下学院路红绿灯语音声音太大  每天早上5点多就开始播报  声音还大  对于浅眠的市民严重影响居民睡眠质量  建议关闭语音播报或调小音量,2022-04-07 19:33:13,经合川区公安局现场核实，已关闭该处智能语音红绿灯的播报功能，并根据其他路口周边环境实际情况，对全区同类交通设施的播报时间和音量进行优化调整，避免扰民。
北碚区水土街道一居民楼外墙瓷砖松动存在隐患,【网上12345】重庆市北碚区水土街道解放路92号楼栋瓷砖掉落，容易砸伤人，麻烦社区尽快解决。,2022-03-28 11:47:17,经北碚区水土街道办工作人员现场核实，已在该楼栋显眼位置张贴警示标识，并立即联系专业施工单位对松动瓷砖进行清理，目前已清理完毕。同时，加强对其他楼栋同类隐患的排查整改，保障市民安全通行。
南岸区长嘉汇房地产项目工地扬尘影响居民正常生活,【网上12345】长嘉汇修房子，没降尘处理，周围灰尘太大了。每天关着门窗，晚上开窗一屋子都是灰。,2022-03-18 10:02:12,经南岸区涂山镇政府工作人员现场核实，已督促施工方立即整改，在施工时段采取炮雾机、人工洒水等方式降尘，并加大日常巡查力度，最大限度降低工地扬尘对居民的影响。
北碚区黄金堡休闲广场石梯步道未安装护栏存在隐患,【网上12345】重庆市北碚区水土街道九龙社区黄金堡广场玩耍的小朋友比较多，广场后台没有安全护栏，希望社区解决此问题。,2022-03-15 14:23:51,经北碚区水土街道办事处核实，立即对黄金堡休闲广场存在一定隐患的石梯步道安装了不锈钢护栏和安全标识，消除隐患。
渝中区春语江山小区二次供水时常出现问题,【网上12345】渝中区春语江山小区2号楼二次供水长期故障（停水、水压小），严重影响居民生活，请有关部门重视，为群众办实事，及时督促相关维保单位全面整改。,2022-03-08 09:13:55,经渝中区两路口街道办事处现场核实，春语江山小区为老小区，二次供水水压不足系供水设备配件老化所致，已要求物业公司抓紧处理，联系水厂更换供水设备配件，现供水已恢复正常。
渝北区渝鲁大道附近道路施工噪音扰民,【网上12345】渝鲁轨道站外的主干道上，施工后搭建钢板，又不牢固，车流量巨大， 地处下坡处，车辆碾压钢板，噪音巨大!,2022-02-28 11:25:56,渝北区龙塔街道办事处第一时间督促施工方进行整改，在路面钢板下增设棕垫层，噪音问题现已得到根本改善。下一步，将加强施工工地的巡查检查，督促施工方文明施工，最大限度降低对附近居民正常生活的影响。
南岸区涂山镇滨江实验学校门口道路破损需修复,"【网上12345】尊敬的政府，在我们美丽的重庆，在我们南岸区滨江实验学校，在我们居委会1000米范围内，在靠近南滨路1000米的地方。在滨江实验幼儿园学校门口，还有1条学生上学，小区业主出行，毕竟道路，过去，是公路加人行道，在融创进场施工期间，不仅扬尘满天飞，污水满街流（化粪池），截至2021年12月放学时，道路还勉强可以通行。2022年开学季，1条泥巴路面，人车混行，没有道路标识，没有学生通道，就只有1条泥巴路，长达50米左右，泥巴路又是处于陡坡上，阳光100小区19栋楼，每天通行人数上千人，业主买菜，学生上学，那泥巴路是必经之路，政府是不作为，懒政，还是政府监督督促了融创硬化学生通道，融创没有落实，其中只有政府知道，老百姓在忍无可忍之时，也就无需忍，可以现场拉横幅，向政府诉求，表示抗议。
也期待政府领导亲临现场，看看实际情况，看看老人，学生，通行是否安全，政府有没有责任，政府应不应该问责。
难道政府就没有开车通过此路段，难道1000米范围内的居委会就不知道，还是说知道不作为。",2022-02-22 14:18:47,经南岸区涂山镇城管执法大队核实，目前该路段已修复完毕，将加大日常巡查力度，督促施工方加强管理维护，定期冲洗保洁，确保附近居民及学生安全通行。
江北区观音桥观鸿大道存在机动车占道乱停现象,【网上12345】观音桥环道，燃气小区观鸿大道门口，本是一个十字路口，路面有人行横道线，路口有红绿灯，是行人和车辆密集通过之处。现在每天在路口停满车辆，压在人行横道线上，影响行人通行，同时挡住从小区出来的车辆通行和视线，极易发生交通事故。望交巡警整治，消除危险隐患。,2022-01-27 15:57:22,观音桥辖区民警已及时对该路段违停车辆进行整治，并将加强对该路段违停行为的查处力度。
北碚区隆鑫爱琴海小区车库坑洼不平致车辆出入不便,【网上12345】本人蔡家爱情海3期10栋1单元业主，投诉小区物业不作为，3期10栋1单元车库负二层地面坑坑洼洼，影响本单元居民出行，多次电话反应未得到问题处理！,2022-01-20 16:13:53,经蔡家街社区核实，群众反映情况属实。社区已及时联系物业公司安排工作人员进行处理，受损地面现已恢复。
两江新区康庄美地B区11栋外墙排污管道断裂致污水横流,【网上12345】2022年1月5日本人致电深国贸物业管理有限公司，告知其辖区康庄美地B区11栋1楼外墙污水管断裂，污水外泄已经好几天了，一直没有工作人员现场查看。物业管理人员以及社区工作人员均口头答应维修，截止目前2022年1月10日，任然没有工作人员上门查看、修缮，导致居民一直生活在臭水沟中，苍蝇蚊虫四起，臭气熏天。物业工作人员此番做事风格，已经不是第一次，不但不主动巡查小区，排查安全事故！反而对居民报修的事件，经常都拖延很久才处理，有时甚至不处理。希望相关部门体恤民情、救民于水火！,2022-01-12 11:44:40,经康庄美地社区核实，群众反映情况属实。物业公司已及时安排维修师傅对受损排污管道进行了修复，现已恢复正常。
渝中区朝天门陕西路一处生活垃圾长时间未清理,【网上12345】朝天门陕西路32号34号院坝，长期有居民堆大件垃圾，希望装个摄像头。,2022-01-07 17:10:52,经渝中区朝天门街道办事处工作人员现场核实，群众反映情况属实。已及时安排清洁工人前往清理，后续将加强巡查检查，保障卫生干净的市容环境。
北碚区名流印象小区附近洗车店占道经营影响通行,【网上12345】我是名流印象高层二期的一名业主，在名流印象高层二期与隆鑫爱情海三期之间的马路两侧，约莫七八家洗车/修车店长期占道经营，造成路面大面积凹陷，行人通行困难等问题，严重影响周边居住的安全通行，有极大的安全隐患，望相关部门加强监管，防患于未然，避免灾祸。,2021-12-22 18:57:43,经北碚区蔡家岗街道办事处工作人员现场核实，群众反映情况属实。已对占道洗车车辆进行劝离，并告知相关门店加强管理，同时对松动的人行道地砖进行修补。下一步，将继续加强巡查，发现问题及时处理。
渝中区陕西路一居民楼张贴“牛皮癣”小广告影响市容环境,【网上12345】陕西路9号居民楼栋牛皮癣较多，建议有关部门督促物业及时清理。,2021-12-15 20:34:09,经渝中区朝天门街道工作人员现场查看，群众反映情况属实。已安排清洁公司清理完毕，下一步将加大巡查巡检力度，保障干净卫生的市容环境。
重庆师范大学附近共享单车占道停车现象严重,【网上12345】大学城北路与大学城西路交叉口，靠近重庆师范大学一侧，路口处共享电瓶车经常占用人行道违规停放，把整个人行道都塞满，导致行人不得不走到马路上去。不仅安全隐患极大，而且严重影响市容市貌。建议加强对此处的整顿，及时拖离、没收违规停放的共享电动车。并对在此处占用人行道投放车辆的共享单车企业予以警告、罚款等措施。,2021-12-11 11:36:09,经核实，群众反映情况属实。已联系共享单车管理单位及时清理占道停放的共享单车，并要求其加强对辖区共享单车的监管，同时加强对学校、车站周边等重点区域的巡查管理，规范共享单车停放秩序。
大渡口区揽江公园篮球场封闭影响群众锻炼,【网上12345】揽江公园 鱼洞长江大桥下新建一个篮球场 羽毛球场，附件居民都会到这里进行锻炼，这几天突然就把篮球场上了锁，附近没有任何说明，希望得到回馈原因。,2021-12-08 10:50:23,经大渡口区城市管理局核实：揽江公园主体建成后，施工方在对园内篮球场日常巡查过程中发现园内部分设施未达到移交标准，为保障安全，对篮球场进行封闭整改。目前整改工作已结束，篮球场已重新向市民开放使用。
渝北区紫福路社区街道行道树需及时修剪,【网上12345】东西向的紫福路，紫薇支路，紫园路，南北向的紫薇路，天和路，黄龙路，上述街道的树木均为小叶榕树，多年来生长太过茂盛，从未经过修剪，采光差，地面潮湿易生青苔，给周边居住人员造成极大不便。多次像市长热线反应，渝北区园林绿化有关部门也承诺尽快修剪，但是三年以来始终没有看到动静，并找各种借口搪塞，包括不限于路边停车、天气太热、工人不够等等理由。近期已入冬，再不修理，难道又要等到明年暑日？？？万望重视，解民倒悬。,2021-11-14 14:41:09,经渝北区城市管理局核实，群众反映情况属实。目前，除部分高压电线旁的行道树需与电力公司商定修剪计划外，其余行道树已及时安排修剪。
沙坪坝区陈家桥街道一安置房小区燃气管道锈蚀,【网上12345】首先感谢社区回复此隐患发现过程及后续粗略整改计划，但是立管锈蚀破裂时间距今已发生49天，最后回复“已计划对该小区户内立管进行整体改造”，含糊其辞，这个“改造”是指继续刷漆？还是全部更换立管？鉴于最近全国燃气事故频发，建议燃气公司更换立管，彻底消除安全隐患！望燃气公司拿出改造的具体方案和时间，让我们普通百姓安心、安全使用天然气，谢谢。,2021-11-05 13:17:05,经重庆燃气集团沙坪坝区分公司核实：群众反映该处部分燃气管道锈蚀情况属实，该片区燃气管理站已拟定整改方案对锈蚀燃气管道进行改造，已彻底消除安全隐患。
北碚区西大附中附近人行道路灯故障影响市民通行,【网上12345】北碚区西大附中（本部）大门公路边的路灯坏了1个，相邻路灯位置需要修剪树枝,2021-10-20 15:14:19,经北碚区城市管理局核实，群众反映人行道路灯故障情况属实。路灯处管理维护人员已及时到现场对故障路灯进行修复，现已恢复照明。
巴南区西流沱汇滨一路占道停车现象突出影响市民通行,【网上12345】西流沱周边，汇滨一路到处都是违停车辆，之前反应过后，没有任何改善， 出行实在是不方便。容易出交通事故，把路变窄了，麻烦领导处理好行不？投诉了跟没投诉一样，还是一样的路边到处都是违停车辆！,2021-10-14 03:22:33,"经巴南区公安分局核实：群众反映车辆违停情况属实。交巡警支队已进一步加大对该路段车辆违停现象的整治力度，对违停车辆进行处罚，并通过发放宣传资料、流动警车喊话等方式开展宣传引导，保障出行畅通。
"
两江新区金和苑小区电梯频繁出现故障,【网上12345】金和苑小区自2021年上半年以来，多栋楼宇出现电梯反复多次频繁故障的情况，住户业主被关、急速下坠、停摆等情况时有发生。业主多次向物业管理公司（重庆市佳耜物业管理有限责任公司）反映要求电梯维保公司（重庆渝高电梯有限公司）提出彻底维修整改方案，但屡修屡坏，维修之后常常维持不了一两天。电梯公司也存在恶意遗留故障隐患以获取维修资金的嫌疑。根据目前电梯频率（12345每栋平均每天大概故障1-2次）可以看出现阶段电梯维修维护和管理上存在严重问题，若不能有效解决恐将严重影响小区业主安全。希望质监部门和第三方机构能介入对小区电梯情况进行客观全面评估，并督促尽快更换电梯维保公司，或者对不负责及无法胜任的维保人员进行调换，为下一步整治小区电梯安全隐患提供方向。也请上级部门督促有关机构认真落实，并彻查物业公司和电梯维保公司是否存在严重失职、不作为、乱作为等情况，保障人民群众生命健康安全,2021-09-29 13:17:55,经两江新区金和社区核实，群众反映情况属实。物业公司表示因前期电梯配件缺失，未能彻底完成维修。现配件已到货并及时更换，经测试电梯未再出现故障，已恢复正常运行。
渝北区丽景天成小区部分业主破坏公共绿化带进行违章搭建,【网上12345】丽景天成小区是居民小区，5幢1单元1楼利用两套居民住房改建成公司办公用房，公司牌子挂的重庆市建筑工程设计院渝北联络处。该业主利用房前公共绿化带私挖鱼塘、开垦菜地、砍伐门前行道树、私自搭建钢管架，存在很大的安全隐患。经小区业委会多次向物业、社区反应无果。恳请相关执法部门介入查处，以还小区宜居生态环境。,2021-09-28 14:13:43,经渝北区双龙湖街道锦湖路社区核实：群众反映情况属实。丽景天成小区物业管理处已向涉及违章搭建的业主发放《整改通知书》。目前，违章搭建已拆除。
永川区汇龙一路人行道多处窨井盖损坏,【网上12345】目前在一转盘往汇龙小学方向路上有好几个井盖已经坏掉了，其中有一个井盖都坏掉了一半，半大的小孩都可以掉进去，请尽快维修，附近有小学，小孩比较多，井盖坏掉实在太危险了。,2021-09-18 03:14:52,"永川区城市管理局已安排维修人员对该路段破损窨井盖进行更换，消除安全隐患。
"
两江新区民心佳园小区篮球场照明灯故障无人维修,【网上12345】我是民心佳园A2区这面的一名住户，平常喜欢打篮球，但是A2区的篮球场配置的六个照明灯，只有其中三个是好的，亮的，其他三个都是不亮的，晚上打球根本看不清，而且球场边上的树木太茂密了，把亮着的三个灯光线都挡完了~给小区物管打了几次电话，反映了几次这个问题，一直都说会安排师傅来维修，现在都拖了几个月，还没有人来维修。,2021-09-09 12:58:55,民心佳园社区已立即安排工作人员对群众反映问题进行核实处理。经了解：小区物业公司已及时安排维修人员修复损坏照明灯并及时修剪枝叶，该问题已得到解决。
南岸区和泓阳光小区公共绿化区域被破坏,"【网上12345】尊敬的市长：您好！
    我是南岸区和泓阳光小区业主，该小区物业公司为重庆和泓物业服务有限公司。该物业公司在未取得小区业主同意的情况下，擅自拆除小区公共绿化区域，截止2021年8月31日中午，已拆除小区篮球场与2栋之间的部分绿化区域，目前物业公司还在拆除小区其他的公共绿化区域。
    该行为已严重损害小区全体业主的利益，也涉嫌违法，在与物业沟通无果后，遂向市领导反馈，望领导核实后及时制止物业的违法行为，万分感谢！",2021-09-01 13:25:24,南岸区海峡路社区工作人员立即到现场查看，经了解，该小区被破坏的绿化区域为物业公司原计划改造的垃圾分类定点投放处，因未事先征求小区业主同意，现已经恢复为绿地，并另寻地址设立垃圾投放点。
九龙坡区华宇锦绣花城小区附近货车深夜超速鸣笛通行,【网上12345】华宇锦绣花城二三期与民安华福a区之间的华凤大道，大货车长期高速通过，此处为长下坡，大货车从来不减速，一边按大喇叭造成噪音污染（特别是深夜）一边狂飚，不顾行人安全，导致此处经常发生交通事故，造成人员伤亡。希望此路段限速且禁止鸣笛,2021-08-20 13:18:03,经九龙坡区华岩镇民安华福社区核实，群众反映情况属实。九龙坡区公安分局交巡警支队已责成辖区中梁山大队安排警力对问题区域交通秩序进行整治，及时查处该路段交通违法和不规范行为，规范通行秩序。
南岸区天盈首原小区违章搭建,南岸区天盈首原小区2栋个别业主半夜施工进行违章搭建并破坏承重墙。,2021-08-15 02:54:45,经南岸区花园路街道办事处工作人员现场勘查，该构筑物系违章建筑，群众反映情况属实。现已按照违法建设查处程序逐步进行查处，已向建设主体发送《限期整改通知书》，并通知物业公司对其进行停水停电。
加油站广告位灯光过强扰民,永川区新妇幼保健院对面加油站广告牌24小时开启灯光且亮度过高，影响附近居民日常休息。,2021-08-04 13:01:09,经核实，群众反映情况属实。永川区城市管理局执法人员前往现场查看后，已要求加油站对广告牌发光字体调整光源和亮度，在整改到位前不得开启。目前已整改完毕并经执法人员查验通过。
渝中区虎头岩转盘立交桥扶梯故障影响市民出行,【网上12345】虎头岩转盘立交桥开通数月，可运行日不到10日，周边都是居民小区，老年者，带小孩子的父母很多，取消斑马线后仅靠天桥阶梯极不方便。不了解手扶梯修好后长期不运营的原因？盼复。,2021-07-27 04:02:46,"经渝中区国资委核实，群众反映情况属实。扶梯故障位置为虎歇路天桥附近，因前段时间大雨不断，致扶梯电路出现问题。经抢修，已于7月25日完成扶梯修复工作，目前扶梯已恢复正常运行。
"
巴南区龙华社区下水道井盖破裂致污水外溢,巴南区龙洲湾街道龙华社区一城龙洲小区与江南华都小区之间一下水道井盖破裂，污水外溢致市民通行困难。,2021-07-16 17:13:28,经核实，群众反映情况属实。巴南区龙洲湾街道已及时安排维修人员前往现场对受损井盖进行更换，并使用水泥对井盖周边进行加固，解决污水外溢问题，市民可正常通行。
垫江县协信广场社会生活噪音问题突出,【网上12345】垫江县协信广场后面每天晚上都有人露天KTV，声音非常大，非常难听，从晚六点多开始一直到十点多，每天晚上如此，严重影响周围居民休息。,2021-07-14 15:32:53,"经核实，群众反映情况属实。辖区民警已劝诫相关群体调低设备音量，不影响周边居民休息，并进行政策宣讲要求晚上21时后不得再开展相关活动。在广场活动的群众表示理解并配合工作，目前噪音问题已得到改善。
"
渝北区回兴街道复地花屿城周边占道经营情况突出,【网上12345】汽车和收废旧的物资长期占据了大部分人行道。行人很多时候只能走公路上，很危险尤其是老人和小孩。同时严重影响市容市貌。热切期盼能够整治一下。还市民一个安全、通畅、整洁的人行道。,2021-07-07 15:34:08,经核实，群众反映情况属实。渝北区回兴街道综合执法大队工作人员已对经营者进行政策宣讲与批评教育，目前商家已对违规占道经营行为进行整改。今后的工作中，执法大队将进一步加强对该路段的巡查监管，定期开展专项整治，进一步提升市容秩序。
群众反映线上租房保证金退还困难,【网上12345】58同城公司恶意扣除1000元租房保证金不予退还！客服电话永远打不通。经过多次自证申诉后，58公司任然以各种理由不通过审核。希望市委书记及政府为我们老百姓主持公道。,2021-06-17 13:01:27,群众反映情况属实。经协调，已帮助该群众联系该网络公司将租房保证金退回。
云阳县**世界城小区垃圾投放点设置不合理,【网上12345】云阳金科世界城与星河湾位于云阳县青龙街道扬沙社区，常驻人口近5万，每天产生生活垃圾近50桶。前期，物业将垃圾桶中转设置在小区主公路边，导致邻近高层住户意见较大，长年不交物管费及投诉。现物管为平息高层住户怨气，以“垃圾桶影响城市市容市貌”为由更换到小区两个幼儿园（金科杰夫幼儿园和彩云阳光幼儿园相邻）中间的支公路上，距离两个幼儿园均不出5米，且位于长江风口的上风向，加速气味扩散。市政及物业人员再此完成小区垃圾周转和清洗；垃圾集中时数量庞大，高峰期能产生5／60大桶，天气炎热时更是恶气难闻，路人经过时往往掩鼻快速通过，何况幼儿抵抗力差，垃圾繁衍滋生的细菌会大大增加诱发疾病的风险。孩子是祖国的未来，是我们需要呵护的幼苗，金科物业以牺牲业主孩子的健康为代价争创“市容市貌”的帽子是阻碍社会良序发展的绊脚石，幼儿园及其家长多次向金科物管及县市政相关部门反映均以不属于责任范围内拒受理，无奈之下，恳请市政府出面协调，帮助幼苗们恢复健康的学习和生活环境，谢谢！,2021-06-04 19:34:26,经云阳县青龙街道杨沙社区核实，群众反映情况属实。县城市管理局联合街道、社区相关工作人员开展现场马路办公，督促小区物业管理单位撤除幼儿园附近垃圾投放点，并重新选址设置。经工作，群众反映问题已整改到位。
九龙坡区共荣路占道停车现象突出,【网上12345】在位于九龙坡阅璟山到斌鑫中央公园小区之间的道路人行道有很多私家车占用，并且该区域乱停车很严重，行人走路很不安全，请相关部门管一管，谢谢。,2021-05-29 05:35:15,经九龙坡区中梁山街道核实，群众反映情况属实。目前，街道已安排城管执法大队对该处占道停车行为整治完毕，并在道路两侧拉起了警戒线，严禁车辆穿过警戒线驶入人行道，同时安排城管队员加大巡查频率和执法力度，在该路段设置人行道禁止停车标志牌，确保该路段占道停车问题得以改善。
江北区石马河街道公共停车位被长期占用,【网上12345】在公交车127的终点站江北农场站周围划分了大概十多个公共停车位，但是有一些素质低的市民用废旧摩托车拉上锁链，将公共停车位占为己有。在去年的7、8月份在这里举报过一次，现在这种情况又发生了。这种行为不仅占用了大家的公共资源，也影响了市容，希望有关部门尽快解决此事，感谢。,2021-05-25 16:57:58,经江北石马河街道核实，群众反映情况属实。目前，街道已安排综合执法大队对该处不规范停车行为整治完毕，并对占用公共停车位车主进行宣传教育，要求合法规范使用车位，不得随意占用公共资源。
北碚区蔡家地铁站出口游商占道经营影响通行,【网上12345】  北碚区蔡家岗街道蔡家地铁站2B出口处附近人行道上长期有游商占道经营，致行人来往通行不便。,2021-05-13 10:39:44,经北碚区蔡家岗街道执法人员核实，群众反映情况属实。5月13日，执法人员对该处占道经营的游商进行劝离，并持续加强巡查，发现游商占道经营现象立即整改，保障出行畅通。
长寿区文苑南路行道树遮挡路灯,"【网上12345】文苑南路也就是老档案馆至体育中心文苑大道那一段道路晚上路灯照明很暗,都被行到树给遮住了；整段路都是黑蛐蛐的；再加上晚上那段道路上的车开得很快！给行人夜间出行带来极大的安全隐患。希望有关部门能尽快处理一下；谢谢",2021-04-21 19:11:44,经长寿区菩提街道桃花社区工作人员核实，群众反映情况属实。文苑南路老档案馆至体育中心文苑大道部分路段行道树树叶遮挡路灯，影响照明效果。经园林绿化管理所处置，已对遮挡路灯的行道树枝条进行修剪，以保障路灯照明效果和行人出行安全。
万盛经开区塔山社区路段私家车占道停车现象突出,【网上12345】塔山社区主马路两边人行道经常停满私家车、和盛小区到福耀学校路上偶尔停几辆私家车，导致人行道堵塞，要下到马路绕过乱停的私家车辆，大人有安全意识倒没啥子，小朋友上学路上不安全，希望领导们重视一下,2021-04-19 15:31:27,"经万盛经开区城市管理局核实，群众反映情况属实，执法人员已联系占道停车车主进行批评教育，并劝导其将车辆规范停入周边停车场内。今后，将增派人员加强日常巡查管理力度，并按照处罚与教育相结合的原则，切实规范人行道车辆违停现象，畅通市民出行环境。
"
巴南区长冲隧道施工管制致道路拥堵,【网上12345】我是重庆国际生物城入驻企业正式员工，因长冲隧道每天早晚高峰进行道路维修施工拦路管制，造成市民及上班人员每天被堵在隧道口，无法正常通行。由于这里是工业园区，涉及人员非常多，且根据相关报道，该项目施工周期为160天，时间较长，影响巨大，建议拦路管制错开早晚高峰，将施工管制时间延长到早上9:00及以后，晚上为6:00及以后。望相关部门及时处理，谢谢！,2021-04-12 19:54:24,"经核实，市民反映情况属实。为保障隧道安全运营，巴南区和南岸区正在对长冲隧道进行提质升级改造工作，施工过程采用隧道半幅通行方式进行。为缓解长冲隧道早晚高峰期因摆放、撤收安全锥导致的交通拥堵，经协调，施工单位在早上6时30分前将安全锥摆放到位，下午18时30分后撤收安全锥，施工单位在摆放和撤收安全锥的过程中尽量压缩时间，缩短管制时间，最大程度减少对交通的影响。
"
两江新区照母山万科城小区一烤鱼店夜间噪音扰民,【网上12345】照母山万科城一期万州烤鱼店违章搭棚顾客夜夜划拳，严重影响居民休息、希望能禁止商家搭棚行为，还居民正常休息。,2021-03-26 19:11:00,经两江新区人和街道办事处核实，群众反映情况属实。市政执法人员已上门对商户进行约谈，要求每日22时后不得在外摆桌经营，同时在店铺进出口张贴了“请勿喧闹”的温馨提示。
沙坪坝区一小区垃圾分类工作执行不到位,【网上12345】市领导你们好，因为今年到处都在大力宣传垃圾分类问题，我们作为年轻人对环保也很关注，在家也做好了垃圾分类的工作，特别是厨余垃圾，其他垃圾和可回收垃圾。但是在每天投放到垃圾桶时，发现清洁工在将垃圾运走的过程中又混合放在一起（其中包括一些没有垃圾分类的居民乱扔到垃圾桶，像这种情况清洁工完全可以在搬运的过程当中主动分下类）（小区在居民经常投放垃圾的地方只设置了厨余垃圾和其他垃圾桶，没有可回收垃圾桶，但在小区门口设置了很齐全的垃圾桶）很多次早上扔垃圾时我问清洁工为什么不分类？他们说很多人没有分类，就混合放在一起，让我们对垃圾分类工作感到很失望。我家孩子上一年级，我和家人在家里都分好类，但每次孩子看到，我们在家分好类的垃圾又被混合放在一起，孩子总会说那我们还辛苦分类干嘛呢？还有我看到不管是街边的垃圾桶还是小区的垃圾桶，旁边都有带红袖标的人，不清楚他们的职责到底是什么，但是我觉得他们站到那里并没有用，离垃圾桶站的老远，玩手机的玩手机，不玩手机的有人来扔垃圾，他们也没有主动提醒要分类，或者制止 提醒 宣传那些乱扔垃圾不分类的人，这个岗位现在形同虚设。如果要将垃圾分类工作落实到位，还请给所有的清洁工和带红袖标的工作人员宣传到位，他们也是垃圾分类工作中很重要的一部分。现在我们居民垃圾分类的意识慢慢建立起来了，但是在看到清洁工都不分类情况下，可能垃圾分类意识又会被拉回原来。如果让清洁工再分一下类会增加了清洁工的工作量，为了鼓励他们，可以适当的给予奖励，垃圾分类工作才能更好的进行下去。最后还希望垃圾运出小区以后，来接收垃圾的车也是分了类的，而不是一车将所有垃圾全部拉走！希望能得到市领导的重视。,2021-03-16 19:38:56,"    经沙坪坝区双碑街道核实，市民反映情况属实，部分群众垃圾分类意识不强、垃圾分类工作执行不到位的情况依然存在。
    对此，已采取以下工作措施进行整改：一是加强入户宣传、通过垃圾分类积分激励机制向群众科普垃圾分类知识，调动群众参与积极性；二是加强垃圾分类指导员培训、考核，让指导员更好地发挥垃圾分类指导宣传作用；三是督促清洁公司加强垃圾分类培训，严格按照规范清运。"
巴南区花溪地铁站附近绿化草坪被踩踏,"【网上12345】近期巴南花溪地铁站3号出站口旁边很多人直接从草坪走向宗申动力城一期方向，正常是往二期方向走再右转上坡，但一些人为了近一点，直接踩踏草坪就上去了。
建议要么把草坪整治出一条道路，要么把出口堵住，建议相关部门人员多出来看看。。。",2021-03-16 07:54:41,经巴南区城市管理局核实，该处草坪位于轨道3号线花溪站3号出口景观游园，紧邻宗申动力城，人流量较大，部分市民直接踩踏草坪横穿游园进入小区道路。目前已在小区道路与游园之间，安装隔离护栏护网截断通道，防止行人走捷径踩踏草坪影响市容环境。
渝北区汇祥林里小区附近占道停车现象突出,汇祥林里3000一期北门路边每天都乱停车，本来道路很很窄，停车占道导致正常通行的车长期堵车，而且也容易造成道路被占错车的情况下车辆擦挂，例如3月2日晚上8点45左右2辆货车乱停车占道，其中一辆车的车牌为渝D7E772，导致双向正常通行的车不能通行，只能单向通行，错车的时候导致车辆擦挂堵车，如果不是其他车辆乱停车，堵车和擦挂均不会发生，该道路每天都有乱停车的现象，但没有被得到治理，希望交巡警能有效治理乱停车的现象，而不是偶尔一天管一下，治标不治本,2021-03-05 19:12:32,"    经渝北区政府核查，群众反映问题属实。
    渝北区仙桃街道兰馨社区汇祥林里一期北门地处兰馨大道与城兴路交汇处，周边餐饮店、商场较多，晚高峰时段到该处就餐的市民为图方便将车辆停放于路边。区公安交巡警支队已每日安排警力加强巡逻整治，引导违停车辆进入商场车库停放，并对严重影响交通秩序的车辆进行拖移，保证该道路交通畅通。"
沙坪坝区天星桥电子监控补光装置亮度过高,领导好！最近开车早上从天梨路方向过来驶向高滩岩方向，通过天星桥天桥时发现上面新安装了一排强光灯，白茫茫一片什么也看不到，是很大的安全隐患，因为该天桥下面是是直行向天马路/右转向高滩岩方向的交叉点，同时经常有行人和车辆横穿，安装了一排大灯之后根本看不见行人和旁边小区转进来的车辆，很容易造成交通事故。安装强光大灯之前反而光线很合适，行人看的很清楚。请领导斟酌，望恢复原灯光安排，谢谢。,2021-02-25 12:54:39,"    经沙坪坝区交巡警支队核实，沙坪坝地区现行的电子监控补光装置亮度符合《交通技术监控成像补光装置通用技术规范》有关规定。针对市民反映补光装置可能影响行车安全的问题，沙坪坝区交巡警支队已将该处补光设施的亮度峰值在允许范围内调至最低。
"
关于加强江北区龙湖星悦荟新能源车充电车位管理的建议,目前，国家和地方都在大力提倡购买新能源汽车。而新能源汽车使用的瓶颈是充电困难，许多家庭没有条件安装自用充电桩，需依赖公共充电桩充电。但公共充电车位常常被燃油车占领，导致极大的资源浪费，也给新能源车的使用带来了很大不便，抑制了消费者更换新能源车的意愿。以龙湖星悦荟停车场安装的11个充电桩为例，明明负一层有许多空闲停车位，但是燃油车车主为了自己方便，习惯性地把车停在地面层的充电车位，导致这11个充电桩长期无法使用。建议重庆市向北京市学习，通过技术手段或制度改革，减少燃油车占用充电车位和新能源车充电结束后长期占用充电车位的行为，以提高公共充电桩的使用效率，方便新能源车车主充电，加速新能源汽车的推广。,2021-02-19 18:45:15,    经江北区华新街街道香国寺社区核查，群众反映情况属实。社区已与龙湖星悦荟物业负责人联系，加强充电车位的日常管理和安全巡查，督促业主即充即走，同时加大规范停车宣传力度，为业主提供更加便捷的服务。
南岸区长生桥镇一路段路灯故障,南岸区长生桥镇富翔桥往恒大滨河左岸步行上坡路段路灯故障，无法正常照明，致居民夜间出行不便。 ,2021-01-29 16:22:26,   经南岸区政府核查，来信人反映问题属实。      该路段路灯因电器元件损坏不能正常照明，区城市管理局已及时更换损坏的路灯电器元件，目前已恢复正常照明。
北碚区兼善中学（蔡家校区）广播音量过大影响居民休息,    北碚区兼善中学（蔡家校区）每日6时30分开始播放广播，音量过大影响附近居民休息。,2021-01-21 16:29:44,    经北碚区政府核查，来信人反映问题属实。      学校播放的广播是起床号和起床提示音乐，属于正常的教学活动。起床号于每日早上6时30分播放（时长1分钟），接着播放起床提示音乐《我的中国心》（时长3分钟多），总时长接近5分钟。因为学校音响系统改造完成，覆盖全校，故音量较大。      针对来信人反映的情况，北碚区教委与兼善中学（蔡家校区）进行了沟通，并作如下处理：一是加强音控工作人员的管理和培训，在不影响教学效果的前提下把音量尽量调小；二是取消起床音乐，仅保留1分钟的起床号。      
奉节县永安中学门前道路频繁施工影响出行,奉节县永安中学门前道路维修完工才一个月，现又在开挖施工，且路面有较多碎石子，影响正常通行。,2021-01-20 10:06:59,  经奉节县政府核查，来信人反映问题属实。     永安中学门前路段施工属电力公司开挖建设电力管道，现已全面完工，且对路面石子进行清扫处置，目前路面已恢复正常。
陈家坪玖城一号及彩云湖一带的居民出行不便,    陈家坪立交桥内环高速进城方向因道路设计规划不合理，造成玖城一号及彩云湖一带的居民出行不便。,2021-01-08 13:21:57,   经核九龙坡区公安分局查，因陈家坪立交改造，施工单位将云泽路长运集团附近路口封闭导致附近居民出行不便。九龙坡区公安分局已责令施工单位拆除封路设施，恢复道路正常通行。
沙坪坝区融汇温泉城童话里E区烧烤店餐饮油烟扰民,    近期，沙坪坝区融汇温泉城童话里E区7栋旁一家烧烤店在营业时产生大量油烟，严重影响附近居民的日常生活。,2021-01-04 13:43:23,    经沙坪坝区政府核实，来信人反映问题属实。      经查，该小区有居民楼10栋，独立商业楼4栋，均配备专用烟道，烟道排放口设置于商业楼顶部。来信人反映的7栋旁商业楼内新开烧烤店的油烟通过烧烤车和油烟净化器两级处理后进入该商业楼专用烟道，因烟道排放口距离居民住宅仅约15米，故引发扰民问题。      针对该问题，区生态环境局及时督促该烧烤店加大烧烤车和油烟净化器的清洗检测力度，确保油烟达标排放，并安排监测部门开展执法监测，根据监测结果作进一步处理。区住建委已责令物业服务企业积极配合街道、社区及生态环保部门做好相关工作，同时，主动向小区业主及经营户广泛宣传相关法律法规，进一步优化居住环境。     
南岸区海棠溪街道渝浦大厦平街层周围车辆乱停乱放,    南岸区海棠溪街道渝浦大厦平街层周围一平坝有大量快递公司车辆长期在此停放，占用消防通道，影响出行且存在安全隐患，物业公司对此不管不问。同时有大量社会车辆停放在附近的人行道及主干道上，致行人和车辆通行不便。,2020-12-25 14:26:56,    经南岸区政府核查，该平坝现有门面产权系开发商所有，物业公司无权干预经营，海棠溪街道已协调物业公司、开发商和相关快递公司，共同规范进出车辆停放，限制重载车辆驶入。      关于占用人行通道及主干道问题，12月13日物业公司已对该平坝人行通道划线管理，禁止社会车辆占用通道。此外，渝浦大厦外为海棠溪新街路段，该路段为双向两车道通行，公安民警已告知快递公司负责人，禁止运输车辆占道停放。下一步，区公安交巡警支队将做好巡逻工作，继续加大该路段乱停乱放车辆的查处力度。
大庆村公交站人行天桥附近树木枝叶过于繁茂 建议修剪行,江北区大庆村公交站人行天桥附近的行道树木枝叶过于繁茂，夜间遮住路灯光线，致周边居民上下天桥不方便，且存在安全隐患，建议修剪。,2020-12-24 11:43:02,    经江北区政府核查，来信人反映问题属实。       江北区大石坝大庆村人行天桥行道树由两江绿化公司管理，12月19日该公司已对行道树进行修剪。目前，该路段夜间路灯光线良好，车辆及行人通行正常。
扬声桥污水厂处理能力不足，望解决,    九龙坡区片区的市政污水管网改造终点指向彩云湖的扬声桥涵洞，但承担污水处理的扬声桥处理厂能力不足，无法处理多余污水，希望有相应的处理措施完善污水处理问题，以免造成环境污染。,2020-12-15 15:55:02,    经九龙坡区住房城乡建委现场调查核实，扬声桥污水处理厂作为桃花溪河道重要的补水设施，通过分流上游片区部分生活污水进行处理后，为桃花溪河道提供景观补水，多余污水不会进入桃花溪，会通过箱涵排入市政管网，最终进入鸡冠石污水处理厂。  
两江新区互联网产业园共享单车随意停放及逆行,两江新区互联网产业园重庆市建筑科学研究院门口和箭竹路侧出口的共享单车随意停放在机动车道上，用户使用时在机动车道逆行。,2020-12-08 13:25:49,    经两江新区交巡警支队核查，该道路为杨柳路、箭竹路，因共享单车租车条件简单，对骑行人员要求不高，个别骑行用户守法意识不足及不遵守交通规则，存在逆行、乱停等违法行为。      两江新区交巡警支队将杨柳路、箭竹路纳入整治重点，对乱停乱放共享单车及时安排拖车进行清理，全力保障道路安全畅通。已对共享单车企业进行了约谈，要求共享单车企业对产业园、写字楼等共享单车使用较多的区域加大巡逻力度，及时规范共享单车停放。同时将走访社区开展交通安全宣传工作，提高共享单车骑行人员规范用车、文明安全用车意识。
天星桥街道电台村1号附13号的音乐卡厅长期存在噪音扰民,位于天星桥街道电台村1号附13号的音乐卡厅长期存在噪音扰民现象，该音乐卡厅位于居民区，作为娱乐营业场所降噪措施不到位，还经常性地存在开门营业情况，多次投诉均无改善，给我们广大居民的正常休息造成极大影响。,2020-12-01 14:55:43,    据天星桥派出所社区民警实地核查，该音乐卡厅夜间营业噪音问题属实。针对来信所述噪音扰民情况，民警已对该音乐厅几名经营者分别进行法制教育和谈话，要求严控经营时间，尽量改为隔音墙面。派出所通知该音乐卡厅负责人到派出所接受调查询问并对其进行法制教育，该负责人表示将尽快加装一层隔音门，让进出门长期保持关闭状态，避免影响周边居民生活。同时，天星桥街道也要求石碾盘社区加强对该音乐卡厅经营业主的宣传劝导工作，要求经营业主做好降噪工作，引导客人进出及时关门，不再出现开门营业现象。
禁烟标识,沙坪坝区西双大道19号首创光和城商业区的室内公共区域经常有人抽烟，且烟味弥漫严重，影响他人身体健康。,2020-11-16 15:16:55,    经沙坪坝区政府核查，来信人反映问题属实。      沙坪坝区卫生健康委已要求社区和物业公司在小区加强《重庆市公共场所控制吸烟条例》的普法宣传，同时对涉事单位进行入户宣传教育，另由物业公司在公共区域张贴醒目禁烟标识，并留下社区投诉电话，将保安作为控烟巡查员，加强对公共区域吸烟行为的劝导。
燃气未通,    入住大渡口区跳磴幸福华庭公租房已3个月，至今因漏气未恢复通气。向物业公司反映，物业公司要求自行联系施工方，但一直联系施工方未果。,2020-11-11 16:48:14,    经市住房城乡建委协调相关部门，由房管中心、物业公司和燃气公司三方现场查勘，燃气管道渗漏属三通接头损坏导致，查明原因后更换接头并开通天然气。目前，该问题已得到解决。
垃圾转运噪声,    大足区龙水镇电信大楼前每日凌晨4时30分起，垃圾转运车作业噪声扰民，希望有关部门能尽快核处。,2020-11-10 16:14:08,    经大足区政府核查，来信人反映问题属实。      龙水镇环卫作业规划了固定位置开展环卫作业，并按不同时段在多个路段进行轮转，不会在某一地点长期作业。接到来信人反映后，已将作业地点从电信大厦调整到老玉龙路路口。同时，将轮转周期缩短，并对同一地点的作业周期进行了调整，尽量减少扰民情况。
江北区宏帆路早高峰期间交通严重拥堵 希望减少红绿,    江北区宏帆路早高峰期间交通严重拥堵，希望在宏帆天地路口通过减少红绿灯、增设天桥等方式，缓解交通拥堵。,2020-10-23 19:26:37,    经江北区政府核查，宏帆路是连接江北区和两江新区的主要通道，群众反映的早晚高峰存在明显的潮汐现象属实。      对此，江北区交巡警支队已增加早高峰南进口绿灯信号比，并责成勤务大队加强疏导，确保通行效率。同时，对增设天桥进行调研，若符合条件将按程序报批实施。
网约车服务,    2020年10月1日20时在永川区通过滴滴app打车并坐上了滴滴快车。从文昌东路前往红河丽景，途中因家人需前往中山路，准备按照平台要求修改目的地，但司机拒绝更换目的地且态度恶劣。,2020-10-17 10:16:50,    经市交通局核查，群众反映问题属实。      平台相关工作人员与来信人联系，并表示歉意。平台后期会加强司机管理，投诉成立会扣除相应的接单分值，影响后续接单量和收入。
万科西城公园与盘龙小学之间的地下通道21时后无法正常通行,    九龙坡区万科西城公园里与盘龙小学之间的地下过街通道每晚21时被汇集市超市关闭，无法正常通行。,2020-09-30 16:59:51,    经九龙坡区政府核查，群众反映汇集市超市关闭地下通道的问题属实。      九龙坡区政府要求九龙街道办事处责令汇集市超市立即整改。经复查，已整改完毕，地下通道现已恢复通行。
五福大道二纵线立交至斌鑫西城绿锦路段路面破损,    九龙坡区五福大道二纵线立交至斌鑫西城绿锦路段路面破损严重，且该路段因修路变得狭窄，导致车辆通行不便，造成交通拥堵，希望有关部门能尽快修复破损道路，保证良好的出行环境。,2020-09-28 17:08:55,    经九龙坡区政府核查，来信人反映问题属实。      该路段属快速路二纵线华岩至跳蹬段在建工程。施工方已于2020年7月18日对道路进行了初步整修。因过往大型车辆较多，路面再次出现部分损坏，施工方原计划于2020年9月13日对损坏路面再次进行修补，但因近期雨水天气频繁，对路面修缮有较大影响，结合二纵线建设时序，施工方计划在项目水稳层铺筑的同时，对五福大道破损路面进行修补。九龙坡区政府已要求施工方加快工作进度，完成道路整修工作。
灯光污染,    两江新区湖云街鸳鸯金谷市场北疆烤全羊餐馆的招牌灯光过亮，严重影响附近居民休息，希望调低广告牌灯光亮度或拆除。   ,2020-09-16 17:30:18,    经两江新区管委会核查，来信人反映问题属实。      两江新区管委会工作人员现场对北疆烤全羊餐馆负责人进行了相关法律法规的宣传教育，并要求尽快整改。该负责人已承诺在未拆除或者重新安装可调灯光前暂不使用该灯。下一步，两江新区管委会将加强对该区域的巡查力度，发现问题及时处理。
公交站点,    渝北区渝兴嘉悦山水小区门口的公交车站点（金山果园站）2017年因修建蔡家大桥临时拆除，影响附近居民出行，希望尽快恢复该公交站点。,2020-09-07 17:05:33,    经两江新区管委会核查，来信人反映问题属实。      随着蔡家嘉陵江大桥的修建，原金山果园站在修建大桥范围之内，部分路段受蔡家嘉陵江大桥工程影响，道路发生改变，原金山果园站已无法达到停靠公交车及上下乘客的条件。目前蔡家大桥正在施工阶段，根据工程设计方、施工方要求调整站点。调整后的金山果园站距离原站点100米左右，基本能满足该片区市民的出行需求。同时，针对反映的情况，两江新区交管中心要求两江公交公司持续关注客流情况，合理调度公交资源，更好地满足市民的出行需求。
建筑围挡,江北区新壹街c馆附近的市政道路塌陷，已经加围挡半年之久，迟迟不见动工。每逢暴雨会倒灌进新壹街c馆，希望尽快解决该处塌陷隐患，让附近商家，车辆及行人可以安心通行。,2020-09-01 17:50:42,    经江北区政府核查，群众反映的龙湖新壹街C馆（建北八支路33号附11号）门前围而不建的问题属实。      区商圈办接到投诉后，8月24日召集规划科、物管科、龙湖地产、龙湖新壹街物业管理公司相关人员共同进行了现场踏勘。该处围挡由龙湖地产设置，因路面下方市政排水箱涵局部出现自然沉降、破损等情况，故对路面进行开挖以确定排水箱涵沉降及破损程度。      目前正在进行施工公开招标，预计9月初开始进场施工，工期为一个月。同时，区商圈办将积极督促企业在保障工程质量及施工安全的前提下尽快完成修复工作，恢复该区域的正常秩序。
占道停车,    在渝北区松石路奔力建材市场附近支路，大量车辆停放占用消防通道，同时附近人行道也有车辆违停，存安全隐患且影响行人通行，希望有关部门加大整治力度。,2020-08-14 16:55:34,    经渝北区政府核查，群众反映的问题属实。      渝北区交巡警龙山大队安排了警力加大对松石二巷附近路段的违停执法力度和频次，通过贴违停告知单、对违停车辆进行拖移等方式开展违停调度整治。同时，民警还对周边群众和驾驶员开展乱停乱放等交通违法行为的宣传教育，努力营造文明出行、遵章守纪的良好氛围。下一步，龙山大队将对该路段加强违停整治，并加大巡逻力度。
噪音扰民问题,沙坪区金科天宸六街区8栋楼下有一家烧烤店每晚占道经营，划拳喝酒的顾客喧闹至凌晨一两点，小区住户无法入睡，望相关部门采取严厉措施整改。,2020-07-31 09:48:44,    经沙坪坝区政府核查，群众反映的问题属实。      陈家桥派出所民警前往金科天宸六街区8栋楼下烧烤店现场核查，对该店负责人进行了法制宣传教育。该店负责人表示将积极整改，晚上22时后不再在室外经营，同时加强对顾客的劝说，注意控制音量，避免扰民。
路灯故障,重庆高新区大学城南二路天王星铂晶城至恒大未来城九街区路灯故障已久，影响市民出行。,2020-07-21 10:43:14,经重庆高新区管委会核实，群众来电反映属实。针对南二路部分路段路灯故障不亮的问题，相关单位已更换了损坏的路灯线路，路灯已可正常开启，并将加强日常的巡检巡查工作，保证群众反映问题能及时处理。
道路安全隐患,    2020年7月2日驾车途经G75凤中下道口往西环立交方向约100米最右边那条道遭遇深坑（因路面有积水，看不清楚路面），驶过深坑发出巨响，才发现已导致爆胎。等待拖车期间，又有一辆车出现同样的爆胎情况。经了解，本人同事也在昨天同样的地方出现爆胎。下班约19点路过时，发现对面同样的地方有车在更换轮胎。希望相关部门引起重视，尽快修复该处道路，杜绝隐患。,2020-07-20 16:34:14,    经市国资委会同市地产集团核查，群众反映的G75内环凤中下道口至西环立交段道路存在安全隐患问题属实。      受近期连续强降雨影响，内环临时便道出现不同程度的路面破损情况。7月2日，市地产集团接到反映后，立即责成西投公司进行处理，及时提报修复作业占道施工申请，由于周末晚高峰、高考保畅要求，交通管理部门同意西投公司在高考结束（7月9日）后开始修复施工。期间，西投公司对该区域设置了锥桶等设施对破损路面部分道路实施了临时隔离。      7月9日晚，西投公司启动破损路面修复工作，于7月15日全面完成，实现正常通车。
增设红绿灯,    重庆高新区城立方幼儿园大门右边方向50米处设置有斑马线但没有红绿灯，该地区人流量非常大，建议增设红绿灯，消除安全隐患。,2020-07-17 09:38:49,    经重庆高新区管委会核查，针对大学城南二路城立方幼儿园右边50米处行人通过斑马线存在安全隐患的情况，按照道路交通安全法第四十七条规定，车辆经过该路段时，必须礼让行人。区交巡警支队将对该路段不礼让行人的车辆加强查处，保障行人通行安全。同时进行调研，如符合红绿灯设置条件，将按程序处理。
垃圾清运,    江北区观音桥嘉陵4村169号燃气花园住宅小区附近区域从2019年起开始大面积旧房拆迁，垃圾、杂物、旧家具等散乱堆放，每天散发恶臭，严重污染环境。今年5月，该区域用来隔离垃圾的围挡被暴雨冲开缺口，大量垃圾、杂物裹挟泥土全部冲到了燃气花园小区大门口，影响居民行车安全。  ,2020-07-10 09:20:14,    经江北区政府核实，群众反映情况属实。江北区观音桥嘉陵四村正在实施旧城改造，施工作业产生的大量建筑垃圾未及时清运，燃气花园住宅小区附近区域属于征地拆迁遗留区域。      江北区征地事务中心已安排施工队完成垃圾清运工作，并修复市政围挡。
交通拥堵,    江北区大石坝红石路蓝箭宾馆路段长期拥堵，从东原D7小区开车出门，在该路段堵车时间一般超20分钟，且不区分早晚高峰时段，其他时间也常常堵车。堵车的主要原因有两个：一是红兴路往大石坝方向绿灯通行时间过短，每次仅能通过约5辆车，左行车辆排队等候队伍过长，阻塞交通。二是红石路左转往红兴路方向车流量大，但前方红兴路车辆未及时疏通，交通拥堵进一步加剧。,2020-07-01 14:34:21,    经江北区政府核查，红石路蓝箭宾馆路段为重要交通节点，高峰时段车流量大，且周边小区居民较多，两者叠加导致实际通行能力与市民交通需求不匹配而产生拥堵，群众反映情况属实。      对此，江北区交巡警部门已根据实时车流量，适当增加红兴路左转通行时间。同时，已在高峰时段安排警力对红石路蓝箭宾馆路段及红兴路等支路车辆进行疏导，最大限度提升通行效率。  
闲置空地,    万科悦湾小区与云树公园中间的空地长期处于闲置状态，万科的房屋已建成，但仍留有原工地活动板房。另，周边居民在该空地种菜问题突出，影响市容环境，建议职能部门抓紧整治。,2020-06-29 14:39:02,    经江北区政府核查，来信人反映问题属实。      万科悦湾北区与云树公园中间的空地权属为重庆渝泓土地开发有限公司，该空地目前处于闲置状态，后期将规划为企业用地。目前部分空地出租供重庆万泰建设（集团）有限公司使用，租赁合同将于今年9月到期。合同到期后，万泰公司将自行拆除活动板房。      同时，渝泓公司已安排两名保安值守，及时制止周边居民在空地种菜。
路段积水,    重庆北站南广场轨道站出口处临时通道因为施工的原因，每到下雨时积水非常严重，影响来往行人通行，希望能及时解决！,2020-06-11 17:18:49,    经两江新区管委会核查，群众反映的问题属实，该处临时通道路面坑洼不平，下雨时雨水难以及时排出，积水最深可达10厘米。      重庆火车北站综管局已责令建设单位完成整改。6月12日起，重庆北站南广场轨道站6号出口至南广场施工大门临时通道已通过铺设模板支撑方式将路面高度提升15厘米，彻底解决积水问题。同时，安排专人在雨天值守清扫，保障行人通行。
广场舞噪音,    渝北区空港广场存在广场舞噪音扰民情况，影响附近居民生活。希望该情况能够得到重视及有效管理。,2020-06-05 17:28:11,    经渝北区政府核查，来信人反映问题属实。      该区双凤桥派出所民警会同安康路社区工作人员与广场舞组织者开会沟通，要求在开展活动时尽可能降低音量，并在每日21时前结束。该组织者表示将遵守规定，不影响周围群众正常生活。随后派出所民警与社区工作人员现场检查，该问题已得到解决。
校外培训机构复课,2020级高三艺术生因专业课集训，现在已经跟不上已复课学校教学进度，须在校外补习机构报名学习文化课，但校外补习机构迟迟未公布具体复课时间，眼看着高考时间越来越近，家长们忧心如焚。希望市教委早点拿出复课具体方案，让孩子们早日回归教室！,2020-05-19 11:10:41,根据教育部、人力资源社会保障部工作要求，结合我市疫情防控形势和全面复工复学情况，经市疫情防控指挥部研究同意，自2020年5月16日起，经区县教育行政部门审批的文化教育类校外培训机构和经人力社保行政部门审批的职业技能类培训机构，达到复训条件的，可陆续开展线下培训。
路面破损,  开州区岳溪镇至龙安乡主干道于2012年完成道路油化，现该路段路面坑洼，破损严重，致当地居民出行不便，希望有关部门尽快重新硬化该路段。,2020-05-11 15:28:26,  经开州区政府核查，来信人反映问题属实。    群众反映的路段为岳龙路，因附近岳五路施工，大货车须改道岳龙路通行，致路面严重损坏。经多方协调，该路段整治计划已经开州区政府审定，并由区交通局负责组织实施，目前已进入前期工作阶段。
麻将馆噪音,    我是渝北区双凤桥街道观月大道77号北港御庭小区的业主，在疫情期间，北港御庭A区商业街64号菜鸟驿站旁开了一个麻将馆，在4月初开业后，经常在晚上12点左右大声喧哗，由于小区和商业街没有遮挡物，噪音较大，严重影响了小区业主的睡眠！,2020-04-29 16:45:27,    经渝北区政府核查，来信人反映问题属实。      双凤桥派出所民警已约谈涉事麻将馆负责人，并对其进行法制教育，责令其营业时间不得超过22时。该负责人承诺将配合整改，严格控制营业时间，减少噪音扰民。目前，该处噪音扰民问题已经得到初步解决。      下一步，双凤桥派出所民警将会同小区安保人员加强日常巡查，第一时间发现并查处噪音扰民行为，确保小区安宁。
清水溪污染,    沙坪坝区万科金域华庭小区面朝清水溪，屋内蚊虫猖獗，经专业消杀公司现场勘察，系清水溪的污染所致。天气越来越热，蚊虫跟污染溪水散发的味道，影响我们的生活。希望有关部门能够及时处置清水溪污染，还老百姓一个健康整洁的生活环境。,2020-04-21 17:30:46,    经沙坪坝区政府核查，来信人反映问题属实。      清水溪下游受到污染系凤凰山东西连接道项目施工单位不慎破坏压力污水管，生活污水混合泥浆废水流入河道。区住建委督促施工单位对直排河道的污水进行了紧急处理，同时组织力量加快整治破损压力管道，目前已整改完毕。      下一步，区住建委将督促清水溪沿线施工单位规范施工行为，同时结合清水溪“清水绿岸”PPP项目，重点开展流域生态环境综合整治，改善水质，为周边居民营造良好的生活环境。  
车辆乱停乱放,    南岸区城南家园花红路附近企业已经陆续复工，路上车辆增多。目前，该路段乱停车情况突出，乱停放的车辆挤占公交车车道，道路早晚高峰期交通混乱、拥堵严重。希望有关部门做好执法工作，依法依规办事，恢复道路畅通及交通秩序。,2020-03-23 17:40:48,    经南岸区政府核查，来信人反映问题属实。      南岸区公安分局交巡警支队根据疫情防控工作的相关要求，采取电话通知、现场疏导、劝离等措施对乱停乱放车辆进行管理，并安排民警每日对该路段进行巡逻，该路段拥堵已得到解决。下一步，区公安分局交巡警支队将继续加强巡逻疏导，维护交通秩序。
民宿不退款,受新冠肺炎疫情影响，加上家里老人小孩身体不适，我决定取消到重庆旅游的行程，出行前已预订民宿房间，但客房房东拒绝退款（我是在美团定的民宿，定的住宿时间是1月25-27日三晚）。希望政府部门帮忙协调解决。,2020-02-21 19:15:35,经渝北区核查。来信人反映的情况属实。  渝北区商务局积极与该民宿经营者沟通协调，引导其履行社会责任，依法依规处理疫情期间产生的经营纠纷，尽力保障经营者与旅客双方的合法权利。经协调，民宿经营者已退还相关费用。
工地夜间施工扰民,    江北区月光丽苑小区附近，一道路施工工地长期20时至次日凌晨2时施工，运渣车、挖掘机等施工机器运行噪音严重影响小区居民休息。希望有关部门查处，还大家一个安静的休息环境。,2020-01-15 09:16:18,    经核，来信人反映的问题属实。      为解决此处噪音扰民问题，江北区政府责成区生态环境局处置。一是约谈该项目施工单位负责人，要求施工单位务必严格遵守环保相关规定，合理安排施工时间，禁止夜间施工噪声扰民。二是明令施工单位因特殊原因确需夜间施工的，必须向生态环境主管部门申报，经审核同意后方可进行夜间作业。三是环境执法人员将加大巡查执法力度，严肃查处该工地夜间施工作业扰民的违法行为。
燃气供应不足,    奉节县部分地区每日17时30分至22时停气，居民无法生火做饭，热水器无法正常使用。随着新住宅小区不断建成投用，燃气供应问题愈发突出，希望政府部门积极协调解决。,2020-01-13 15:40:06,    经核，市民反映的燃气供应不足问题属实。      奉节县政府积极协调相关部门解决。一是向上游供气单位中石油凯源公司争取气源指标，目前已取得一定进展；二是进行城区管网技改，目前已抢通北侧主干道并完成部分庭院管网改造，可缓解供气末端气压不足情况；三是丰富供气方式，提前购入批量液化天然气，一定程度上保障冬季正常气源供应；四是拟于年内启动云奉巫燃气管道复线建设，建成后可彻底解决气源不足问题。
丧事噪音,    两江新区人和街道万寿山社区是一个安置房小区，在居委会旁边有一块空地，长期在那设置灵堂，请乐队，摆丧事，哀乐不停，持续至晚上九十点钟，不说睡觉了，在家里面看电视都不得安宁，旁边的居民住户(灵堂设置位置距离1楼居民窗户不足10米)实在苦不堪言，希望政府能出面协调解决此事，指导居民文明治丧。,2019-12-31 17:25:05,    经两江新区管委会核实，来信反映的万寿山社区成立于2002年4月，共有20幢农转非安置房，是一个纯农转非社区。万寿山社区及人和街道辖区内无安乐堂，故居民在办理丧事时因陋就简，自发性地在社区广场搭建了灵堂办理丧事，丧葬噪音情况属实。      为解决治丧点扰民问题，两江新区管委会及人和街道办事处多次指导社区居委会通过居民代表大会、楼幢会向居民广泛宣传文明治丧，要求居民按照《殡葬管理条例》有关规定，到殡仪馆办理丧事。但由于部分居民文明治丧理念尚未真正形成，仍在社区广场办理丧事。居委会采取了相关工作措施：一是在广场设置了管理公约。二是当出现治丧活动时，社区网格员及民政工作人员都会到现场为逝者家属发放《文明治丧倡议书》劝其文明治丧，并当面告知其家属不得举办演唱会，不得高音量播放哀乐等。                                                             下一步，街道和社区将会进一步加大宣传和管理力度，引导居民文明治丧。
康居西城违停车辆,    我是康居西城一名租赁户，在康居西城已租住7年之久。近几年，康居西城发展加快，居住人群较多，老百姓生活越来越好，几乎家家户户都有私家车辆，从康居内部道路、正道马路两旁到处都是违停车辆，特别是康居小学大门附近，早高峰送小孩上学，上班车流量大，违停车辆（两轮电瓶车、私家车）停得东倒西歪，原本2分钟车程，现在需要10分钟以上，每天早上7点-8点时间段，都可以看到堵车，双向4车道变成双向两车道（不含道路停车位），严重影响早上出行；另康居4组团社区医院至康居1组团，道路中间修建有隔离桩，然而黑三轮、违停车辆在,2019-11-22 20:18:07,    经沙坪坝区政府核查，来信反映路段为康城南路，该路段为市政道路，有标志标线和禁停标志，道路两侧划有停车位。由于康居西城小区入住率高，小区周围违停现象较为突出。对此，区公安分局将根据小区周边实际情况开展交通整治：一是加大对小区周边违停的执法整治力度；二是加强对周边违停车辆车主的劝导，提醒遵守交通法规；三是谋划在该路段安装违法停车自动抓拍设施，减少小区周边道路违法停车行为发生。           
广场舞噪音,    我是居住在九龙坡区民安华福公租房的一名住户，因为噪音的问题，我们已经无法在此安心的居住了。自几年前民安A区的住户慢慢入住满了之后，民安中庭广场晚上就成了广场舞的天下，而近两年这个问题更严重了，老年人们有了广场舞利器，大功率的音响设备，炫彩的灯光设备，而且他们的跳舞时间也从原来的晚上扩充到了整天，从早上6点半跳到下午下班时间，吃完晚饭后又立马拉上音响设备出来跳，噪音分贝已经严重超标，上班族没有办法好好休息，学生也没有一个安静的空间可以做作业，这里的噪音让我在家时时刻刻都有在KTV里面的体验，音乐声声,2019-11-14 16:53:38,    经九龙坡区核查，广场舞噪音扰民现场位于民安华福广场，因该广场位置便利，众多周边群众聚集在此休闲娱乐，扰民问题属实。针对上述情况，九龙坡区公安分局立即开展了以下工作：一是联合社区工作人员对该处广场舞的情况进行走访调查，查清事实情况；二是对广场舞组织者进行法制宣传教育，告知其注意健身时间，控制音响音量；三是组织专职巡逻队员加强巡逻，对扰民者适时劝离，依法依规处理。 
李子坝观景平台交通安全隐患,    李子坝轻轨穿楼观景平台存在安全隐患：1.有游客为了图“方便”从观景平台横穿马路到马路对面上卫生间和拍照，刚好这里的马路是一个下坡，一旦出现司机刹车不及时，很可能会撞到横穿马路的游客。2.大量游客从李子坝轻轨2号线出站过斑马线到对面观景平台拍照，由于只有这一个斑马线，人流往往通行不及时。,2019-11-01 18:38:14,    经渝中区政府核实，李子坝轻轨站出口交通信号灯位于网红打卡地李子坝观景平台附近，北临嘉陵江，背靠桂花园路，该路段为双向四车道，道路路幅较宽，车流量及人流量均较大。为缓解道路交通压力，渝中区交巡警支队对该处交通组织作出以下调整：一是将该路段平峰时段（9:30-17:00）信号灯周期由原来的96秒减少至48秒，其中行人放行时间为20秒，采取周期减半的措施来减少行人等待时间，增加轮转次数。二是2019年10月20日支队将该处斑马线进行加宽处理，最初设计的斑马线宽度为6米，为缓解行人过街压力，在左、右侧各增加了1.4米，现斑马线总宽度调整为8.8米，全面提升了行人通行能力。据民警实地观测，已基本满足行人通行需求。渝中区交巡警支队将会持续关注该片区交通流量的变化，适时优化信号灯配时方案，提高道路通行效率。
无障碍通道,    来福士开业后，去朝天门广场的道路要么走来福士商场穿十几步梯坎，要么走滨江路爬几十步梯坎，把原来人们自由进出朝天门广场的通道切断了。特别是儿童、老人、孕妇进出朝天门广场都不方便了，轮椅使用者更是去不了朝天门广场，希望修建进出朝天门广场的无障碍通道。,2019-10-21 20:18:17,    经渝中区政府核实，有关部门、凯德公司对来福士项目以及朝天门广场周边通行设施进行了全面查勘，发现确实存在无障碍设施不够完善的地方。主要有两方面的原因：一方面朝天门广场已经建成20多年，原建设标准与现有的建设规范存在一定的差异，广场设施局部破损，导致无障碍设施不够完善。另一方面来福士项目目前局部投入运营，项目整体还未全部完工，无障碍通行设施还在建设当中。      下阶段，渝中区历史文化街区管委会将督促凯德公司委托专业设计单位对来福士项目红线范围内的无障碍设施开展全面梳理、优化设计，结合项目建设加快优化完善无障碍设施。同时，朝天门广场已经纳入“两江四岸”品质提升规划设计，待设计方案确定后，管委会将会同朝天门广场的维修改造单位，将无障碍设施、通道纳入工程实施范围一并实施。
流动摊贩占道经营,    江津区珞璜工业园A区玖龙纸业(重庆)有限公司三号门天桥下，每日早上7:00左右有不少摊贩在违规经营早餐，既没有食品安全保证，又影响环境。,2019-09-19 14:16:28,    经江津区调查，江津区珞璜工业园A区玖龙纸业（重庆）有限公司三号门天桥下早上确有摊贩用三轮车拉载售卖早餐。      目前已采取以下措施。（一）对早餐经营摊贩进行劝离。8月20日，珞璜镇综合执法大队现场对早餐经营摊贩就《重庆市市容环境卫生管理条例》第十八条第一款第（一）项“禁止在主干道、距主干道道缘石五十米范围内的次干道及其两侧设置停车场和经营性摊点、亭、棚；如果拒不改正，将暂扣占道经营物品。”规定，进行了宣传宣讲，并告知今后不允许在此路段售卖早餐。（二）加大巡查力度。珞璜镇综合执法大队将每日早上6:00-8:00时段，加大对玖龙纸业三号门路段巡查力度，一旦发现摊贩违规经营，立即劝离。
僵尸车辆随意停放,    天宫殿街道海龙居小区附近僵尸车辆众多，多为报废三轮车、摩托车及面包车，严重堵塞小区消防通道，安全隐患极大，且影响市容市貌。此外，小区附近违停车辆众多，堵塞原有道路，希望城管部门及交通部门清理僵尸车辆，并对堵塞道路的违停车辆进行处罚。,2019-08-23 17:57:41,    经两江新区核查，该小区附近道路两边车辆乱停乱放情况属实。社区民警联合社区居委会相关人员，对道路两边的车辆进行了劝导和依法查处，对不听劝告的，采取拖车锁车等措施予以规范。      下一步，两江新区将组织相关部门实行联动综合管理，杜绝占道经营现象，并研究将该路段边线划为黄实线，对违规停车加大处罚力度，提升整治效果。社区民警将加大该路段的检查力度，并向广大车主进行宣传，告知其不要在该路段停车。
自来水水质差,南川区南平镇自来水有漂浮物且水质浑浊，从水管里放出来的水都需要沉淀最少1小时才能生活使用。,2019-07-22 15:52:26,    经南川区核查，近期水质较差情况属实。近段时间以来，因南平片区普降暴雨，雨水流入老木沟水库，导致老木沟水库库容水量大增，水库四周枯枝枯叶及其腐烂杂质涌入老木沟水库，大量杂物经沉积后全部淤积在水库底塘，使原水水质变差，南平水厂此前在老木沟水库的取水点正是处于水库底塘。南川区已要求南平水厂立即整改。一是采用浮桶方式从以前取的水库底塘水改成取水库表层水，从而改善原水的水质。二是处理工序中增加了活性炭的使用，加大异味消除的力度。目前水质问题已解决，恢复正常供水水质。根据2019年6月南川区疾控中心水质最新抽检结果显示，南平镇水厂供水水质符合《国家生活饮用水卫生标准（GB5749-2006）。
加气站噪音污染,我是金州大道107号恒大照母山翡翠华庭二期业主，反映两江新区金州大道155号中国石化金洲加油加气站噪音污染较为严重，产生噪音的原因不详，以24小时为周期，通常18小时都会发出噪音（凌晨、白天、深夜均出现过噪音，持续时间长且无规律）。该站点紧邻我所在的小区，小区内共7栋高层，其中两栋（1栋和6栋）受噪音污染较为严重，致使业主无法正常开窗通风，即使紧闭门窗依然能清楚地听到噪音，对业主的正常休息造成了很大困扰。  ,2019-07-22 15:46:39,    经两江新区核查，金州加油加气站噪声主要为加气站运行时产生，运行流程为：原气—调压—加湿—脱硫—过滤—压缩—脱水干燥—储气—用户，该过程产生噪声的设备主要为压缩机（一备一用）。据金州加油加气站现场负责人介绍，压缩机一般早上8点、中午12点、晚上22点各运行一次，一次运行时间约1小时，因压缩机功率较大（220万KW），运行时产生的声音可能对周边居民有一定影响。针对反映的问题，重庆市生态环境局两江新区分局一是要求金州加油加气站合理安排加气站压缩机运行时间。二是要求其对加气站房及加气设备采取进一步的隔声降噪措施，减小噪声对周边居民的影响。该加油加气站负责人表示将积极进行加气设备噪声整改，两江新区分局将做好督促整改工作。
秀山县长水村供电问题,    我家住重庆市秀山县龙池镇长水村坝池组，我们这里的居民用电太弱了，尤其是春节大家回家过年，人多用电量大，我们用电饭锅煮饭，至少要一个半小时饭才会熟，这样煮出的饭不好吃，有时候甚至饭还不会熟，持续了3年多了，一直没有得到解决，已经严重影响了我们的生活，眼看我们这里的周边，农网改造了几次了，我们这里一次也没有，电太弱这样电费就太高，大家都是叫苦连天。,2019-06-21 18:23:46,    经秀山县政府核查，该台区配变容量为100千伏安，台区用户75户，小动力0户，供电半径950米，台区首端电压为212V，用电高峰时段用户末端电压170V，存在电压低的情况属实。造成该台区电压低的主要原因是低压线径小、供电半径长，造成用户末端电压低，电器不能正常使用。                                                                                                      龙池镇政府会同该镇供电所就电力改造事宜进行协商，该镇供电所计划在2019年新建一台200千伏安变压器，改造低压线路，更换导线，提高电能质量。项目计划2019年7月份进行现场规划设计，8月份采购物资材料，10月份开始施工，12月底投入运行。         
关于白鹤咀隧道出口往龙兴方向路面大坑问题,    从白鹤咀隧道出口往龙兴方向，大概距离白鹤咀隧道出口500米处的潮汐车道，有两条横向大坑。第一条坑稍微小点，第二条坑很大，横向的坑避都避不了，路过有很大的安全隐患，降速太多又担心追尾，不降速直接过坑对汽车也很不好。另外反方向的道路也有个大坑。这种即使因为修路短期内无法修补，可以垫个板子起个缓冲作用吧。,2019-05-21 12:56:49,    经两江新区管委会核实，来信中所反映的凹坑为金兴大道上跨云松路的上跨桥南半幅桥梁伸缩缝破损导致。渝高公司正在进行该桥北半幅改造施工，南半幅实行单道（四车道）双通。原伸缩缝施工质量差及单道双通后通行量相对较大，导致伸缩缝破损而形成凹坑。      金兴大道北半幅（含该桥北半幅）即将改造完成，计划5月底建成投用后进行交通转换。南侧车辆转入北半幅道路通行后，将对此桥进行拆除重建，以永久解决此问题。近期将对此处凹坑采取加铺钢板等临时措施处理。  
腾龙大道接渝航大道的立交桥何时通车,渝航大道已经通车近两年，但是腾龙大道洋人街旁的断头路一直没有打开，地图上显示这里就是上渝航大道的立交桥，如果这座立交开通将极大方便洋人街片区车辆驶上渝航大道。请问为何这座立交桥迟迟没有完工？什么时候可以通车？  ,2019-05-05 14:35:45,经市住房城乡建委核实，寸滩长江大桥及南引道主线于2017年底通车后，寸滩南引道腾龙立交还剩余8个月左右的工期，因当时美心建材厂临时进出道路无法协调解决，导致腾龙立交区域一直无法进场施工。2018年7月，因南岸区正在开展打造《三生三宜》等提升城市品质的工作，对项目建设土石方调运等提出新要求和新标准，重新开工的项目工期由8个月延长至10个月，项目已于2018年7月恢复施工，预计2019年8月建成。
沙坪坝区陈家桥龙凤河污染,沙坪坝区陈家桥龙凤河漂浮大量黑色藻状物，河水发臭，好多年了还是这样。大学城现在人口在增多了，这条河又途经融创万达旅游城，如果河水都是臭的谁还愿意来游玩。,2019-04-15 10:20:05,    经沙坪坝区核查，该段河道污染因沿河污水管网堵塞，溢流污水进入河道造成。目前，管理方大学城水务技术开发有限公司已会同陈家桥街道对溢流点进行封堵，已无污水溢流。下一步，陈家桥街道将对河面漂浮物进行清理，保持河道清洁。同时，沙坪坝区已印发《重庆市沙坪坝区梁滩河流域综合整治方案》（沙府办发〔2018〕61号），落实河长制工作，开展梁滩河综合整治。区生态环境局将根据方案任务分解，会同区住建委、区城管局、陈家桥街道等有关单位开展该河段整治工作，促进河段水质改善。     
施工污染,    南坪实验外国语小学坐落在南岸区二塘路，和小学一路之隔的是保利香颂房地产项目部。目前正值保利项目部进入外墙施工阶段，严重污染周边环境，灰尘满天飞，刺鼻性甲醛味道无孔不入，噪音无处不在，孩子们在学校根本无法正常的生活和学习；希望相关部门给予重视并尽快解决并还孩子们一个健康的生活和学习的环境。,2019-04-01 09:57:32,    经南岸区政府核实，南岸区住建委已于2019年3月19日召集该项目参建单位进行了现场约谈，并下达停工整改指令。已要求项目参建单位调整施工作业时间，尽量避开学校学生上课期间进行施工作业，调整施工工艺，外墙涂料施工由以前的喷涂调整为涂刷，减少刺激性气味挥发及粉尘扩散，并加强现场文明施工的管理，在施工过程中采取洒水降尘及降噪措施，减少施工过程中对周边群众的影响。     
路灯不亮,沙坪坝区大学城金科廊桥天都小区7号门外（大学城南一路）路灯已经安装好两年左右，晚上一直不亮，现在这边入住率已经很高，晚上车流量也大，路灯不亮很容易发生交通事故。,2019-03-19 09:52:38,    经沙坪坝区政府核实，来信反映的南一路路灯已完成路灯安装及管网等相关工作，但因路灯箱变电源两次招标均流标，影响该道路路灯照明工程的完成。目前，沙坪坝区大学城城区建委已向市区供电分公司重新申请了用电方案，批准后将采用直接发包的方式确定施工单位，待施工单位确定即可进场施工。
关于优化升级主城出租车的建议,    重庆主城的出租车普遍存在车型老旧，车内环境肮脏的现象，严重影响市容市貌。重庆作为新晋网红旅游城市，出租车是外地游客进入重庆的第一印象，但平心而论，重庆出租车服务质量较中东部城市差距较大，强烈建议优化、升级出租车车内环境。,2019-02-26 16:47:04,    为提升我市出租汽车行业的服务水平和服务质量，规范主城区巡游出租汽车驾驶员服务行为，重庆市交通局和重庆市公安局于2019年1月1日至6月30日联合开展主城区巡游出租汽车服务质量专项治理行动。本次治理的重点区域为主城商圈、火车站、机场、主要景区景点等客流集中区域。交通部门希望为期半年的专项治理，能让乘客集中反映的问题得到解决，巡游出租汽车服务质量得到提升，市民出行安全得到保障。本次专项治理中，交通部门将对乘客投诉较多的驾驶员服务行为进行整治，查处巡游出租汽车驾驶员拒载、绕道、说脏话、未按规定使用计价器、接打手机聊微信等突出交通违法行为。      在下一步工作中，运管局也会逐步更换现有车辆座套，并正计划组织主城驾驶员文明服务礼仪和行车安全方面的知识培训，进一步强化巡游出租汽车驾驶员的服务意识，加快出租汽车行业服务质量的提升；同时，升级现有的车辆智能终端系统，监督驾驶员的不文明行为，配合交通行政执法部门，加大对行业内各类违规行为的处罚。      希望社会公众加强对巡游出租汽车行业的监督，发现违规行为，及时拨打96096进行举报，通过有效监督，加强行业管理，努力提升我市出租汽车的窗口形象。
建议轨道交通售票开通手机支付,2019年1月16日，我在轨道一号线较场口为交通卡充值，碰巧未带现金，但售票处工作人员只收现金。建议为方便广大乘客，提高工作效率，轨道交通售票开通手机支付，不光充值，购票希望也可以。,2019-02-18 09:20:04,关于移动支付相关事宜，轨道交通5、10号线已于2018年12月28日正式开通支付宝扫码购票，后续还将陆续开通微信、银联云闪付及中国银行APP扫码付款等多种移动支付方式。轨道集团正在积极开发互联网充值业务，具备上线条件后将尽快开通移动支付充值业务。同时，轨道集团正在同步进行其他线路的移动支付软件、硬件改造工作，预计今年上半年陆续开通其他线路移动支付业务。此外，轨道集团现已启动移动支付过闸方案研究，并实施前期工作，由于整体改造工作量较大，预计2019年底实现轨道全网移动支付过闸覆盖。  
关于缓解宏帆路堵车的建议,    近年来江北区宏帆路两旁凤凰湾、万科悦湾、华美翡丽山等楼盘相继交房入住，附近入住居民估算2万多人。另外望海花市投入营运，鲜花公园免费开放，该路段人流量和车流量非常巨大。上下班高峰期行人过街乘坐公共交通人员很多，导致凤凰湾支路T型路口红路灯位置严重堵车，过街行人经常在宏帆路凤凰湾两公交车站中间的无灯控人行横道的车流中穿行，非常危险，建议修建人行天桥。,2019-01-29 13:34:35,    宏帆路凤凰湾位于江北农场片区宏帆路西北侧，该片区市政基础设施属于市农投集团宏帆公司建设范围，该公司在宏帆路建设时未同步建设完善宏帆路凤凰湾公交车站处的人行过街设施。      经现场核实，随着望海花市的投入使用和万科悦湾北区业主的大量入住，该路口的人行过街需求强烈，人车争道时有发生，存在较大的安全隐患。2019年江北区城乡建委拟在宏帆路段启动3座人行天桥的建设。一是在大农立交路口处，为方便市民以及宏帆八中学生过街需求，建设一座人行天桥；二是在凤凰湾公交车站与万科悦湾之间建设一座人行天桥；三是在望海花市旁与万科悦湾北区之间建设一座人行天桥，目前正在做方案设计，待审查通过后即进入实施阶段。      同时，江北区交巡警支队将继续根据路面交通流量的变化，适时调整交通组织，优化信号配时方案，全力为群众提供一个畅通出行的交通条件。
咨询九龙坡区光华风和日丽小区初中划片学校,    我是九龙坡区光华风和日丽小区的一名业主，孩子现在就读九龙坡区火炬小学6年级，想问下我们小区初中该读哪个中学呢？  ,2019-01-10 18:17:48,    关于来信人咨询读书划片的相关问题，经九龙坡区教委调查，根据重庆市教委《关于做好2018年义务教育招生入学工作的通知》（渝教基函〔2018〕5号）等文件有关规定，区（县）教育行政部门根据适龄学生人数、学校分布、所在社区、学校规模、交通状况等因素，按照确保公平和就近入学原则为每所义务教育学校科学划定片区范围。对户籍地孩子的入学，区教委将根据“三对口”入学原则安排适龄儿童入学，即：学龄儿童与父（母）的户口、房屋产权证明和实际居住地一致。目前，九龙坡区光华风和日丽小区（蟠龙大道60号）符合“三对口”要求的居民子女初中划片学校是辰光学校。        
车辆夜间鸣笛扰民,    金鹏金岭北门长期有过往车辆鸣笛，北门是一个双向车道道路较窄又是两个小区的出入口，公交车也经过该路线。且长期有车辆在该道路上违停，造成交通堵塞，被堵车辆长期鸣笛， 一天有上百次，实在太扰民。,2018-12-27 09:26:34,    根据上述情况，两江新区管委会进行核实处理。由于金桂路沿线小区较多，存在有些小区停车库不足的问题，加上一些业主图方便节省停车费也将车辆停在路边，导致道路交通状况极差。自2018年1月起，两江新区成立专项整治小组每天对金桂路进行大力整治，共查处违法停车行为3000余起，现在道路状况得到非常大的改善。下一步，将采取以下措施：      一、继续加大整治力度。每天安排整治小分队在上午7:30—12:00，下午14:00—19:00专门进行占道停车专项整治，将做到违法必查、违法必究，形成严查、严管、严处态势，督促驾驶人自觉遵守道路交通法规。      二、加大巡查力度。将每天安排警力不定时地对金桂路沿线进行巡查和管控，加强路面巡逻力度，加大见警率，加强纠违力度，形成高压态势。      三、加强宣传教育工作。在严厉纠违的同时要狠抓宣传教育，对驾驶人进行交通知识宣传，大力宣传各种违法行为的危害性，不断增强群众交通法制意识。      四、将金鹏金岭周边相关设施的建设纳入“智能交通系统建设”项目中实施。
綦江区文龙街道万兴市民出行问题,綦江文龙街道万兴，几个月以来仅一辆客运车辆运行，运力不足，影响市民出行，希望有关部门能考虑开通公交车或者增加车次。,2018-12-07 10:04:01,经查，綦江区至万兴现有一辆核载为18人的客运车辆运行，隶属渝运集团綦江公司。综合考虑沿线群众的出行量，该公司已于2018年11月新增一辆核载8人的客运车辆，日发班次共10班，现已基本能满足沿线群众的出行需求。今后，綦江区交委将根据旅客流量流向情况协调客运企业适时增加班次、车辆，最大限度满足沿途群众的出行需求。
五洞到黄沙的公路旅游路“白改黑”何时进场施工？,垫江县五洞至黄沙公路纳入了“白改黑”油化改造计划，预计2018年启动建设.请问这条旅游路何时进场施工改造？能否在2019年春节之前完工？,2018-11-23 15:27:06,    为了进一步缩短五洞与垫江县城的时空距离，促进五洞镇旅游经济发展，实现五洞李花生态园、五洞盐浴、分州古城堡等旅游景区联动发展，县交委规划了南部快速通道。该路全长约30公里，宽19米，沥青混凝土路面，拟按一级公路标准建设。同时，县交委还将五洞至黄沙公路和五洞镇李花生态园景区环线公路纳入了“白改黑”油化改造计划。五洞至黄沙“白改黑”工程已进行了前期路面病害的划线切割，2018年11月中旬进行挖补混凝土浇筑，11月底路面病害修复完工，12月进行油面施工，预计2019年春节前可以全面完工通车。届时，五洞的旅游交通将得到极大改善，将更为快捷方便。
关于渝北区小小岛木鱼石物业游泳池收费及消防安全隐患投诉,1、小区游泳池是业主的公共设施，占用的是业主的公摊面积，游泳池的水也是公摊水，每年夏天物业却把游泳池做为一项重大的收益，不仅对业主收费（大人，25元/每次，小孩，10元/每次），还对业主以外的人员收费开放，给小区造成了极大的安全隐患，多次与物业沟通此事未果，游泳池的收益部分却做为小金库给相关工作人员发放，此项收费是否经过物价局审批。  2、物业私自把小区4栋底楼改成物业工作人员的做饭地点和员工宿舍，水木青华和小小岛都是木鱼石物业，水木青华整个小区的物业人员的三餐全是在小小岛4栋底楼做好了送过去。做饭用的地,2018-08-14 10:39:30,来信人：   您好，来信收悉。市政府立即责成渝北区政府核实处理，现将办理情况回复如下：   　　一、调查情况  　　小小岛小区游泳池原则上只针对小区业主开放，但如果有业主的亲朋好友按照访客进行核实无误后也可以到小区游泳。游泳池票价分为月票（成人月票按240元/人.20次，儿童月票是160元/人.20次）和次票（成人次票15元/次，儿童次票10元/次），以上票价已实行了5年时间；小小岛4栋底楼是规划的物业用房，做饭所用的水电均由物业单独挂表计量，从未计入业主的公摊。每月公摊明细都在小区公示栏进行了公示；4栋底楼只是做饭的场所，使用的是天燃气。所用的天燃气是物业单独向燃气公司申请的气表，并通过了燃气公司的检查验收，才得以开通天燃气；小区4栋门前确有停放摩托车和三轮车的现象，物业公司多次进行了劝导和宣传，要求业主把车停入车库。并在车库专门规划了摩托车停车位，供摩托车免费停放。但仍有部分业主贪图方便将车辆停放在楼下。  　　二、处理意见  　　（一）游泳池作为小区全体业主共同所有的配套公共设施，应当按时向全体业主开放，供业主夏季消暑纳凉使用。因启用游泳池会产生相应的水、电、人工、保险等费用，因此向使用者收取一定的费用是合理的。物业服务企业应当做好费用收支记录，扣除运行和管理成本后，剩余部分归全体业主所有，如果存在亏损，请物业企业自行承担。如果过半业主认为开放游泳池存在问题，要求关闭的，物业服务企业应当及时关闭。（二）物业企业每月将在公示栏对公摊费用公示，建议业主留意小区公示栏。（三）区房管局要求物业企业加强小区安全巡查检查，加大整治力度，对不听劝阻违规停放占用堵塞消防通道的车辆进行整治，并及时向相关部门汇报。  　　最后，再次感谢您一直以来对渝北区房屋管理工作的关心、支持和理解。同时，欢迎继续对我们的工作进行监督并提出宝贵的意见和建议。如有其他问题，可致电区房管局具体咨询，联系电话：67805094。      感谢您对市政府工作的支持！ 
金科小城故事物管占用消防设施,金科小城故事物管将消防设施租给致诚烟酒店，致诚烟酒店又把有消防栓的空位处，安装了卷帘门，非法改装成门市卖夜市。平时白天把消防栓锁住了，如果发生火灾，不能及时用水，后果不堪设想，情况属实，希望有关部门核查。谢谢。,2018-07-21 10:40:55,来信人：       您好，来信收悉，市政府立即责成两江新区管委会核实处理，现将有关办理情况回复如下：          2018年6月6日，重庆两江新区公安消防支队执法人员对举报内容进行现场核查时，发现致诚烟酒店系叶昆昆经营的两江新区昆昆食品经营部，该单位在消火栓前修建卫生间，存在圈占消火栓的消防违法行为。 根据调查情况，针对叶昆昆经营的两江新区昆昆食品经营部存在圈占消火栓的消防违法行为。消防支队将对其进行立案查处，并责令限期整改。同时消防支队要求金科物业服务集团有限公司（重庆分公司）进一步完善消防管理制度，加强对消防设施的日常监管巡查，严格门面装修、改建图纸的申报审查及现场验收核查。      感谢您对市政府工作的支持！ 
关于万科城一期门口车辆乱停放问题,万科城一期大门口位于玥湖路，建设的为单向2车道，双向4车道。由于部分业主和商贩的无主停车，现单车道只留一条车道通行，严重阻碍了交通通行和视线。万科城车库出口也经常发生交通事故，影响了正常交通次序。建议两江新区公安部门加强处罚力度，架设智能违章告知和处罚系统，解决车辆乱停乱放，占用公共道路问题。,2018-07-13 18:28:15,您好！您所反映的情况已收悉，公安分局高度重视，立即组织专门力量进行调查，现将有关情况回复如下：      由于万科城小区停车位不足，小区居民只有将车停放在玥湖路、怡景路。玥湖路、怡景路一直是我支队辖区大队重点整治路段，3月至今，支队共查处玥湖路违法停车行为共600余起，怡景路违法停车行为共700余起。下一步，支队将采取以下措施：      一、进一步加大整治力度。支队已成立专项整治小分队，每天安排整治小分队在上午9:00—12:00，下午14:00—18:00专门对玥湖路、怡景路进行占道停车专项整治。其余时段加大巡查力度，安排警力不定时地对玥湖路沿线进行巡查和管控，提高见警率，加强纠违力度，形成高压态势。      二、加强宣传教育工作。支队在严厉纠违的同时对驾驶人进行交通知识宣传，大力宣传各种违法行为的危害性，不断增强群众交通法制意识。      三、支队已将玥湖路的违停抓拍设施建设纳入“两江新区智能交通系统建设项目”实施，目前正在进行方案设计。      2018年6月20日，支队勤务二大队教导员通过电话联系您，您对交巡警工作表示理解。感谢您为公安工作提出的宝贵意见，希望您能一如既往地关心和支持公安工作！      此回复。
社会车乱停乱放,两江新区康美街道簧竹路、金竹路、慈竹路，经常社会车乱停乱放，公交站台及人行斑马线做停车场，严重影响人和车的出行安全隐患，望相关部门大力整治，还市民出行安全畅通的环境。,2018-07-13 18:27:55,来信人：       您好，来信收悉，市政府立即责成两江新区管委会核实处理，现将有关办理情况回复如下：          随着私家成拥有量的不断增大，该区域现有停车设施严重不足，造成车辆违法停放的现象。针对该区域停车难的现状，前期支队主动联系相关部门在康美片区路面施划大量免费停车位，并积极与公租房管理单位协商降低了公租房停车月租，尽力解决群众停车难的问题。6月以来，已经查处康美街道周边道路违法停车450余起，劝离乱停乱放车辆500余辆。下一步，支队将采取以下措施：      一、支队结合工作实际，采取不定时巡逻整治、电话联系违法停车驾驶员驶离等方式，规范道路秩序。      二、支队将继续加强对该区域违法停车查处力度，最大限度规范停车秩序。      三、在工作中将积极联合物管、社区工作人员，粘贴宣传海报、发放宣传资料及面对面交流的方式，对驾驶员开展安全教育，通过对违法停车危害性的宣传，引导驾驶员规范停放车辆，共同营造良好的出行环境。      2018年6月21日，支队勤务五大队民警多次拨打您电话均无人接听。      感谢您对市政府工作的支持！ 
九龙坡区走马镇经常停水,九龙坡区走马镇经常停水一停就3天以上！夏日已到，无水的日子很难受！希望领导重视一下，求水啊！,2018-07-13 18:27:30,来信人：  您好！来信收悉。市政府立即责成九龙坡区政府核实处理，现将处理结果回复如下：      关于来信人反映经常停水的相关问题，经走马镇调查，走马水厂供水方式为重力式供水，目前最高日供水量为5000立方米。随着走马镇经济社会发展以及长康、九龙、女子三个监狱全面投入使用，走马镇收费处片区用水量增大，而走马水厂的原水供应不足，日处理能力不足，从而导致停水。在停水期间走马镇采取了相应措施，由走马镇农服中心联合市政大队对停水区域多次安排了送水。经走马镇多次与大学城水务公司进行了协调，大学城水务公司已将走马水厂提水泵更换调试到位，目前老街供水已恢复正常。      感谢您对市政府工作的支持！
古花镇公路加宽何时能完工,进出城难，修了很久，一直没通客车，长期生活不便。,2018-07-12 16:20:04,来信人：   您好！来信收悉，市政府立即责成南川区政府核实处理，现将处理结果回复如下：       大有至合溪公路改建工程全长38.361公里，共分两个标段，施工期18个月。自2017年6月正式开工以来，截至今年4月底，一标段累计完成投资2863.02万元，完成合同总价的42％；二标段累计完成投资3045.64万元，完成合同总价的49.62％。      目前，因雨季来临，导致沿线多处路段塌方，涉及施工安全和行车安全，部分路段暂停施工，进度缓慢。待天气好转，区交委将积极联系并督促各参建单位加快工程进度，力争早日完工。      感谢你对交通建设工作的关注与支持，由此给你带来的不便敬请谅解。      感谢您对市政府工作的支持！   
化工厂污染,化工厂和县城距离很近，居民时常受到化工厂废气的污染，化工厂时常晚间排放大量刺鼻难闻废气。潼南新闻曾报道说会搬迁化工厂，不知为何搁置不理了。,2018-07-12 16:19:24,来信人：   您好！来信收悉，市政府立即责成潼南区政府核处，现将有关情况回复如下：   一、基本情况  重庆新华化工有限公司与重庆市万利来化工股份有限公司老厂址位于重庆市潼南区民业街及五湖路，紧邻城区，针对城区居民长期投诉，区委、区政府于2015年决定搬迁重庆新华化工有限公司与重庆市万利来化工股份有限公司，且这两公司于2016年正式启动搬迁，现两公司已搬迁于潼南工业园区北区，原厂址于2017年底已全面停产，目前正在进行设施设备的拆除及土地修复。  潼南工业园区北区（以下简称化工园区）产业定位为主要发展精细化工，兼顾造纸产业。2017年11月，市环保局出具了《关于重庆潼南工业园区（北区）规划环境影响跟踪评价报告书审查意见》（渝环函﹝2017﹞963号）。  目前，化工园区共建成投产12家企业（重庆民丰化工有限责任公司、重庆新华化工有限公司、重庆万利来化工股份有限公司、重庆东安钾肥有限公司、重庆宝禾复合肥有限公司、重庆凌峰橡塑制品有限公司、重庆金茂达特种橡胶有限公司、重庆同辉气体有限公司、重庆凯益特种气体有限公司、重庆阿尔发石油化工有限公司、重庆中防德邦防水技术有限公司、重庆绿草缘皮革制品有限公司），主要涉及化工、建筑建材、皮革制品、橡塑材料等行业。经核查，建成投产企业均取得环评、排污许可等相关手续。  根据项目环评，除重庆同辉气体有限公司外，其余11家企业均有生产废气排放。经现场核查，11家企业均配套了废气污染防治设施。其中重庆民丰化工有限责任公司在线监控系统已与市环保局在线处联网。  二、调查情况  现场检查时，园区内11家企业配套的废气污染防治设施均正常运行，其中重庆民丰化工有限责任公司在线监测仪显示二氧化硫、氮氧化物的值均低于排放标准限值。  环境执法人员在园区下风向及临新城一侧道路上也未闻到难闻气味。  由于我区城市建设的不断加快，潼南工业园区北区又与城区较近，园区内企业在生产过程中所排放的污染物虽做到达标排放，但有时受气压和风向的影响会飘向城区，因此在离园区较近的小区居民偶尔会不同程度的闻到气味。  三、处理情况  区环保局环境执法支队和潼南区生态环境监测站采取定时及不定时地对企业进行排查，帮助企业排查存在的问题，并督促企业及时整改存在的环境问题；并要求企业加强内部管理，对厂区进行全面排查，发现问题主动及时进行有效整改，坚决杜绝跑、冒、滴、漏现象发生；加强对环保设施、设备的维修、维护管理，污染物稳定达标排放，杜绝扰民事件发生。  最后，感谢您对市政府工作的支持！ 
装修噪音扰民,2018年6月，重庆市江北区铁山坪街道太平冲从安置房康泰家园近期接房装修噪音严重扰民，大部分从早上七点过就开始凿墙、开线槽等大噪音工作，严重影响居民休息。重庆聚城物业管理公司管理不善，无法管理控制装修扰民情况，望市级领导部门查证处理。,2018-07-12 16:16:42,来信人：   您好！来信收悉，市政府立即责成江北区政府核处，现将有关情况回复如下：   对于投诉人反映铁山坪太平冲安置房康泰家园接房装修，业主不按规定时间作业，噪音影响业主休息一事，区房管局已要求聚城物业公司严格按照《重庆市装饰装修管理办法》规定的时间进行管理，晚间18:00时至次日上午8:00时和节假日，不得从事敲、凿、锯、钻等产生严重噪声的施工。物业公司已加强巡查和制止。  最后，感谢您对市政府工作的支持！ 
餐饮店半夜三更夜间噪音扰民,你们好，感谢您百忙之中观看我的信件，我投诉的是南岸区七公里二塘小学门口店面，*露营串串门市，该门面晚上营业时间从来没固定，夜间三点吵闹声划拳声绕梁三日，期间有沟通，完全没用，每夜都是通宵达旦，严重影响门市上方住户居民正常的生活，希望领导引起重视，还小学校园门口一个干净清洁，没有噪音污染的地方，再次谢谢！,2018-07-06 23:42:25,    来信人：      您好！来信收悉。市政府立即责成南岸区政府核实处理，现将办理情况回复如下：      收到来信反映的问题，区公安分局高度重视，立即安排南坪镇派出所实地走访，并对来信反映的二塘街2号柒露营串串店经营者进行法制教育宣传，告知其及时提醒客人文明就餐，注意噪音扰民问题。如来信人以后再遇类似噪音扰民问题，也可直接拨打110报警电话，民警会立即进行处置。      感谢您对市政府工作的支持！
沙坪坝金沙时代小区门岗处乱停车导致堵车,重庆市沙坪坝金沙时代小区门岗处单行道社会车辆乱停乱放导致小区早上出门经常擦挂后堵住后面的小区出行车辆，该地段属于市政道路，物业方面和街道都说明该出为市政道路，不属于小区内，乱停放的车辆导致唯一的单行道非常窄，容易导致交通事故，且有行人出入，停放的车库导致视野阻挡，导致出入车辆无法看到行人，有严重的事故隐患。,2018-07-06 23:42:09,来信人：   您好，来信收悉。市政府立即责成沙坪坝区政府核实处理，现将办理情况回复如下：       经核实，沙坪坝区金沙时代小区周边道路乱停车现象客观存在，其原因是部分小区业主或社会车辆为图便利在此停放。为保障市民出行，区公安分局已于近期加大对金沙时代小区周边道路的交通秩序管理，对违法占道停放影响通行的车辆进行纠正和处罚。针对违法停车行为，沙坪坝区公安分局将提高巡逻巡查频次，对该路段及周边违法停车行为开展整治。下一步，将对周边小区业主及驾驶员进行交通宣传教育，让市民自觉遵守和维护辖区道路秩序，同时将积极谋划在该路段设置违法停车电子抓拍系统，对违法停车持续保持严管态势，保障该区域有良好的交通秩序环境。      2018年6月8日，区公安分局民警对来信人进行回访，通报了办理情况，并做了相关解释沟通工作，来信人表示满意。      感谢您对市政府工作的支持！ 
道路施工缓慢,蔡家上诚佳苑与雍林雅苑周边的道路施工极为缓慢，原来登出的公告是2018年2月28日通路，但至今几乎处于停工阶段，从2018年初，该工地基本停工，我们作为在该区域经营商家深受影响，原公告的时间已过去3个月，工期还遥遥无期，目前周边商家都快无法经营，修路时间完全超出了预计时间，请各位领导能否加强道路施工进度的督促，该道路还是蔡家重要的交通要道，轻轨出口也在该道路上至今还处于关闭状况，影响到周边成千上万家住宅的出行，这个进度完全制约了蔡家的发展，也让我们在蔡家经营的商家失去了信心。,2018-06-27 11:56:25,    来信人：      您好，来信收悉，市政府立即责成北碚区政府核实处理，现将有关办理情况回复如下：      经查，两江新区蔡家“上城佳苑”小区与“雍林雅苑”小区周边的道路属于两江新区北碚蔡家组团管委会正在修建的LC2路A段，由于前期园区渣场没有确定，导致该项目处于停工状态，目前已恢复施工，预计今年年底完工。      感谢您对市政府工作的支持！
道路迟迟未移交,约克郡北郡汀兰与北大资源博雅间道路，由于未知原因，一直未能移交市政，经无数邻居多次给两江新区管委会投诉，管委会回复的移交时间，从2月（回复原因道路未完成，未划线）到4月（回复原因是道路未完成，连接道在建设），但实际情况是都已建设完成，但不知道为什么一直不能移交市政，现在是围栏进行围挡，但还是有很多车辆停放，导致稍微大一点的车辆都无法出入，若发生消防隐患，后果不堪设想，我们已多次反映，请各位领导重视。,2018-06-22 15:42:13,    来信人：      您好！来信收悉，市政府立即责成两江新区管委会核实处理，现将处理结果回复如下：      关于您反映的约克郡汀兰与北大资源博雅之间道路的相关问题，经建设局与建设单位(重庆市地产集团)相关人员联系，得知该道路为黄桷东路工程，该工程现已全面完工，预计在2018年6月底移交城市管理局后便可开放通行。建设局已将该道路封闭严重影响周边小区市民出行的情况告知建设单位，责令建设单位尽早开放道路方便市民出行。      感谢您对市政府工作的支持！      
幼儿园噪音扰民,石坪桥横街哈顿格林**幼儿园，每周一至周五早九时左右开始，全天不定时通过外设音响设备大音量播放音乐，噪音污染严重影响周边居民的正常生活，多次投诉无果。,2018-06-16 23:08:42,    来信人：       您好，来信收悉。市政府立即责成九龙坡区政府核实处理，现将办理情况回复如下：      关于来电人反映噪音扰民的问题，经区教委、区公安分局调查，该园每天上午9：00—10：00期间为学生做操时间。由于场地受限，为保证活动安全，故分三批进行。考虑到周边居民休息问题，幼儿园未使用学校外置广播播放音乐，而是用拖箱型音箱播放音乐。区教委、区公安分局就广播播放时间和声音大小向该园进行了强调，要求该园科学组织幼儿一日活动，合理安排广播播放时间，降低广播播放音量，避免给附近居民造成噪音困扰。      感谢您对市政府工作的支持！
夜间施工扰民,您好，我是一名普通市民，暂住在南滨**，近段时间近段时间以来，江边的工地每天都夜间施工打桩至第二天凌晨，严重影响居民休息，我已多次想环保部门投诉无果，并且职能部门接到投诉以后工地并未停工，依旧在施工，希望您能在百忙之中看到这封信之后能还我们一个安静的夜晚，谢谢,2018-06-16 23:07:26,来信人：       您好，来信收悉。市政府立即责成南岸区政府核实处理，现将办理情况回复如下：      一、调查情况      经区环保局现场调查，来信反映的工地为中铁大桥局集团第八工程有限公司承建的重庆轨道交通十号线南纪门长江轨道专用桥项目，现处于桥墩施工阶段，使用的机具为：塔吊、旋挖机。（办理有夜间施工许可，编号：渝（市）环夜审【2018】359号）       二、处理意见      一是要求施工单位务必严格遵守环保相关规定，合理安排施工时间，未办理夜间施工许可，不得进行夜间施工作业（22时-凌晨6时）；二是区环保局将进一步加大对该工地的巡查力度，严肃查处未经许可，擅自进行夜间施工作业的违法行为；三是夜间施工有其偶发性，请反映人及时拨打12369进行投诉，以便区环保局及时进行查处。      感谢您对市政府工作的支持！
民心佳园公租房环境差,民心佳园的居住环境差主要体现以下几点：1居民楼下可以开设餐馆、夜市、烧烤餐饮严重噪音油烟异味扰民2广场舞噪音太大。小孩无法在家做作业3居民楼下晚上开设菜市场产生大量垃圾严重影响环境。以上几点本应有相关管理部门进行管理（物管、市政部门、街道办事处、环保局、等）但是这些部门都没有对民心佳园进行认真管理。已致民心佳园居住环境差到不像话。,2018-06-16 23:05:32,    来信人：       您好，来信收悉。市政府立即责成两江新区管委会核实处理，现将办理情况回复如下：      接到您的来信后，金山街道办事处、辖区派出所、民心佳园社区等单位组织人员现场进行了调查，并开展了如下工作：      一是加强夜间街面秩序巡查和问题处置，减少夜间餐饮油烟、噪音扰民问题。城管队员对沿线餐馆、大排档经营者进行逐户宣传，对存在的问题责令整改。严格按照“三有三限三控”的规定规范夜间经营，限制经营规模、限制经营时间、限制经营地点，不得影响正常通行。要求商户必须采用环保油烟处理设施，减少油烟污染。要求经营户招呼食客文明就餐，不得高声扰民。同时，街道市政加强夜间值守力量，进一步规范夜市秩序。      二是社区、派出所等单位联合对跳舞群众进行劝导，降低噪声污染。宣传相关法律法规，劝导跳舞群众降低喇叭声音，倡导文明和谐行为。同时，引导跳舞群众到民心公园等区域进行健身活动。      三是加强环境卫生问题处置，及时处理夜市经营产生的生活垃圾。一方面要求物业保洁公司加快处置，做到垃圾日产日清。另一方面要求夜市菜贩自觉处置经营活动产生的垃圾，不得出现菜渣随意丢弃的情况。      鉴于民心佳园公租房片区生产生活配套设施不全与居住人口众多生活需求大的矛盾实际，街道将继续按照疏堵结合、规范引导的方式，继续协调相关部门利用场地疏导夜市，同时，对夜市进行规范经营管控。下一步，街道也将对该片区夜间秩序进行集中整治，落实市容环境规范管理规定，为居民生活营造良好环境。      感谢您对市政府工作的支持！
供水不足,这是长寿市民反殃多次的问题、桃花新城长期一次供水不足已困扰几年了、洗澡要晚上很晚、各楼盘小区、市民每年都向市、区领导反殃无结果、年复一年往后推、何时能解水忧愁。,2018-06-04 20:46:45,来信人：       您好！来信收悉，市政府立即责成长寿区政府核处，现将有关情况回复如下：      经查，桃花地区居民用水问题区城管局高度重视，由于桃花新城的发展过快，原有供水管网不能满足高峰用水的需求，目前，渝长燃气自来水公司正在做详细的方案设计，一是在桃花新城新建一座高位调节水池，二是正抓紧实施建设骑鞍至桃花DN600给水管道。目前已完成设计，预计今年内完成建设，建成后将有效缓解居民用水问题。      如有疑问，欢迎致电咨询区城管局：023-40244760      最后，感谢您对市政府工作的支持！
施工扰民,李家沱越昕辉后面，最近天天施工到半夜，白天施工就算了，但是12点了，还在施工，真的有点过分了，持续了一个星期了，吵的晚上觉都睡不好！希望相关部门出面管一管,2018-06-04 20:46:33,来信人：       您好！来信收悉，市政府立即责成市环保局核处，现将有关情况回复如下：       经调查，来信人反映工地为中铁建滨江项目，承建单位为重庆硕邦运输有限公司。巴南区环保局已对该单位涉嫌环境违法行为进行立案查处。同时，巴南区环保局已约谈该单位负责人，要求其严格遵守国家环保相关法律法规，严禁在未办理夜间施工手续的情况下于晚22:00时至次日凌晨06：00时期间在噪声敏感建筑物集中区域进行产生环境噪声污染的施工作业。巴南区环保局将进一步加大夜间值班时对该工地的巡查力度，发现违法施工行为立即查处。同时，若投诉人今后发现夜间施工现象可及时向巴南区环保局24小时环保投诉热线023-89812369进行反映，执法人员将及时对未办理夜间施工作业审核意见书违法施工造成噪声扰民的违法行为进行依法查处。您若有其他环保投诉，请直接拨打12369环保投诉热线进行反映，以便及时调查处理。      最后，感谢您对市政府工作的支持！ 
噪音污染及占用公共场所,江北区建新东路36号平安摩卡广场商户乱占公共场所，晚上夜啤酒通宵噪音严重扰民。希政府相关部门能处理。此问题己存在多年了，也向相关部门投诉多次，一直无法彻底处理。,2018-06-04 20:46:21,来信人：       您好！来信收悉，市政府立即责成江北区政府核处，现将有关情况回复如下：       经查，您反映的平安摩卡广场饮食店深夜噪音扰民的问题确实存在。每次接到群众报警或投诉后，大兴村派出所民警都会到现场劝诫或警告，但当民警离开后，商贩为了做生意，仍然各行其是。大兴村派出所曾多次配合政府有关部门对此进行整治，规定商贩夜间经营不能超过10点钟，不允许占道经营等，但效果都不理想。目前，平安摩卡物业和业委会已在广场制作城管岗亭，城管已安排人员现场24小时值班。大兴村派出所也将安排民警和协勤加大巡查力度，并继续逐一加强对夜啤酒店铺进行法制宣传教育，督促商贩严格遵守经营时间。  感谢您对市政府工作的支持。
蓝垭丽都小区存消防隐患,领导您好！我是潼南区蓝垭丽都业主，我们小区消防设施长期处于瘫痪状态，消防管道水都没有，发生几起火灾了相关部门都没有引起重视。找物业物业说过了质保期需要动用大修基金，而且问题反映给了相关部门。这个问题从2016年开始一直拖了几年了，我就想问问，这消防问题到底该哪个来管，真的要发生火灾给我们业主带来生命财产危害了相关部门才重视吗？现在潼南好多执法部门都是拿了国家的钱又不做事。还是请你们督促下。生命开不得玩笑。,2018-05-21 11:17:57,来信人：   您好！来信收悉，市政府立即责成潼南区政府核处，现将有关情况回复如下：  2018年4月20日，区公安消防支队执法人员对蓝垭丽都小区进行了现场检查，发现该小区：1.火灾报警控制器瘫痪；2.室内消火栓系统瘫痪。支队执法人员随即依法责令重庆潼缘物业管理有限公司（蓝垭丽都小区物业）限期进行整改。目前该小区物业已经向小区业主委员会、梓潼街道办事处、区消防支队提交了小区消防安全隐患的报告并向区国土房管局申请大修基金，对小区存在的火灾隐患进行整改。  最后，感谢您对市政府工作的支持！ 
巴南区李家沱融汇半岛6期消防通道被严重堵塞，存在重大安全隐患,巴南区李家沱融汇半岛6期2012年交房入住以来，小区及周边道路的停车及通行问题一直未得到有效解决，造成消防通道被严重堵塞，存在非常大的安全隐患。     一是小区内地上停车位一直未规范管理，也未收取费用，造成车辆双排甚至三排无序停放，导致从小区内唯一的消防通道仅有2.5米宽左右，仅够通行一辆小轿车，还需小心翼翼，很容易发生擦挂，即使是小型消防车也无法通过。     二是小区外有一条通往外界的道路（峡谷路），是小区连接外面的唯一通道，也是消防通道。目前实行单向通行，道路一边施划了斜型停车位，但另一边未施划停,2018-05-21 11:17:47,来信人：      你好，来信已收悉，现将相关情况回复如下：      经了解，融汇半岛六期共配备了414个车位。目前，六期业主有车辆1000余台，规划车位远不能满足小区业主停放，部分车主就将车辆停放到小区内的公共道路上。根据《重庆市物业管理条例》第六十四条规定，占用物业管理区域内业主共有的道路或其它场地用于停放机动车，以及收费和管理事宜，由业主大会或者业主委员会决定。对此，已建议你将该事项直接提交小区业主大会决定。关于小区乱停车占用消防通道方面，区房管局已责令物业企业加强管理，做好重点地段巡查、引导、劝解工作，对情节严重的将报请消防主管部门查处。                           2018年5月9日
工地施工噪音扰民,近日永川区胜利路水韵书香对面的建筑工地施工噪音越来越大 夜班回家吵得实在无法入睡 全是机器声音,2018-05-21 10:01:15,    来信人：      您好，来信收悉。市政府立即责成永川区政府调查核实，现将处理结果回复如下：      区环保局高度重视，立即安排专人调查处理。你反映的中船华尚城建筑工地基本情况，该工地位于永川区胜利路玉屏北路168号，该项目系中船华尚城项目，项目由中国核工业二四建设有限公司重庆分公司进行承建，该项目于2017年9月1日建设，建筑面积为：19.7万平方米，目前，正在从事主体结构阶段施工。      经区环保局核查，中船华尚城由中国核工业二四建设有限公司重庆分公司承建，现在正在进行主体施工作业，经区环保局执法人员于2018年5月7日夜间对该工地夜间施工情况进行了检查：该公司正在夜间从事夜间施工，经核查，该工地2018年5月7日22点至5月9日6时夜间施工已办理夜间施工审核相关手续（渝永环临证[2018]71号），同时，区环保局已在永川区人民政府官网上进行了公示。      区环保局现场处理意见：要求该公司采取措施对夜间施工噪声进行有效控制，减少对周围居民正常生活的影响，严格执行夜间施工作业相关规定，严禁未经环保部门审核同意，夜间（22时至次日凌晨6时）不得擅自进行有产生噪声的施工作业活动，确需工艺需要连续施工的，需办理夜间施工审核同意后方可施工，否则区环保局执法支队将依法严肃处理。      区环保局执法人员与你进行了沟通，若发现有工地夜间22时至凌晨06时之间仍在施工作业，且未办理夜间作业审核意见书的企业，可立即拨打区环保局投诉电话：49584710，区环保局夜间值班人员将立即到场处理。你对区环保局处理结果比较满意，表示将继续对此情况进行关注，区环保局也将采取定时或不定时的方式对该工地夜间施工情况进行巡查，若发现未经审核擅自夜间施工作业的，将依法进行处理，确保群众合法环境权益得到保障。      感谢您对市政府工作的支持和理解！
半夜清垃圾，天不亮扫地,江北区鸿恩怡园小区每天晚上22-0点，清运垃圾开始了，每天早上五点多，扫地又开始了，大扫把的扫地声，清洁人员的聊天声，我们一天还能睡几个小时，还有麻将馆天天打通宵，还要不要人活了？光是垃圾桶滚动的声音就让人受不了，这是谁安排的？非要半夜来清运垃圾，六层楼高的拆迁还房本该如此?请政府相关部门把本小区清运垃圾的时间改为在白天可好？实在受不了晚上噪音如此大，对上学的孩子影响太大了！！,2018-05-18 09:22:45,来信人：      您好！来信收悉。市政府立即责成江北区政府核处，现将有关情况回复如下：  一、关于生活垃圾清运噪音问题  由于鸿恩怡园周边没有固定的垃圾转运站，小区每天产生的大量生活垃圾需专车进行转运至海尔路黑石子处理。但因重庆市公安局交巡警对主城区载货车辆的通行限制规定，载货车辆只能在晚上19:30分点后才能允许通行，而且渣场的开放时间在凌晨2:30-7:00分。小区清运垃圾的车辆在交巡警管控时间范围内，故对生活垃圾的清运时间只能选择在晚上。现鸿恩怡园项目已再次和垃圾清运单位协调沟通，争取在第一时间段21:30分-22:00分完成对69个单元的生活垃圾收集清运，尽量避免对居民生活造成影响。  二、关于清洁清扫期间的噪音问题  为保持业主居住环境的干净整洁，除了白天的清扫保洁外，因为每晚小区也会产生大量的生活垃圾堆积，为了每天早上大家一出门就能看到一个干净整洁的小区，清洁工人必须在大家出门前的时间段内对小区的清洁进行清扫，冬季一般在7点过后才对小区环境进行清扫。对于清洁工人工作时聊天及作业工具产生的噪音，区城管局已和相关作业单位人员进行协调，要求工作时间尽量减低对话交谈的音量，作业工具能够进行更换的及时进行更换，降低运行时产生的噪音。  三、关于麻将馆扰民的问题  经查，鸿恩怡园13幢*单元**为一家庭麻将馆，屋内有四张麻将桌，主要是小区业主在此休闲娱乐，花园村派出所民警多次走访均未发现该麻将馆有赌博行为，且麻将馆一般在22时左右就关门歇业，未通宵营业。  民警拨打您所留电话，接听者表示其从未在重庆居住过，也没有来过重庆。所以，民警无法对您反映的问题作沟通交流和情况反馈。  最后，感谢您对我们工作的理解和支持。
小区脏乱差,南岸区弹子石盘龙花园小区，属于拆迁安置房，才几年时间，存在无数问题：  1、小区内人行道道路、设施破旧严重  2、楼栋内墙壁破损严重无修  3、绿化缺失严重  4、更有在小区一楼的住户完全敞放饲养鸡、鸭、鹅、狗，严重影响小区环境卫生，还存在一定的安全隐患（动物伤人）！  5、小区内垃圾场，完全是开放式的，长期不能及时清理，堆积如山，恶臭连天。  6、小区内路灯照明设施覆盖不齐全，并且照明光线不明！  望相关部门作为！,2018-05-10 09:43:30,来信人：   您好！来信收悉，市政府立即责成南岸区政府核处，现将有关情况回复如下：       鸡冠石镇盘龙山18号盘龙花园二期属于拆迁安置小区，针对来信反映小区内设施破旧、绿化缺损、住户饲养家禽等问题，鸡冠石镇工作人员已联系物业公司排查、整改。关于垃圾堆放问题，物业公司承诺垃圾容量达两车后会及时清运，鸡冠石镇工作人员已要求物业公司加强垃圾收运点的清洗管理，尽量减少异味排放。如居民发现小区内有流浪狗或流浪狗伤人的情况，请及时联系物业公司或者石门社区，石门社区将协调辖区派出所及时处理。      最后，感谢您对市政府工作的支持！ 
关于永川区重庆大学城市科技学院的网络信号,近日，重庆大学城市科技学院方将移动信号站基站断电，导致学院及附近区域移动信号2 4g信号极差，移动通讯部门派出人员检修，但院方禁止移动通讯部门人员进入，望市长先生给予帮助。,2018-04-18 16:46:31,来信人：       您好！来信收悉，市政府立即责成永川区政府核处，现将有关情况回复如下：       收到你的来信，区教委高度重视，立即安排专人调查处理。经区教委核查，你所反映的情况不属实，重庆大学城市科技学院与移动公司不存在任何纠纷；近日，重庆大学城市科技学院学生的确反映校内移动信号不稳定的情况。对此，学校专门发函邀请永川移动公司到校排查与维护，从没有不允许移动公司到学校对网络进行维护的行为；经实地测试，校内移动网络可以正常使用。      最后，感谢您对市政府工作的支持！
渝北区图书馆祥和路占道问题,请问祥和路的司机，有什么特权吗，其他地方都能遵守，而整个空港新城只有你们依然每晚停在人行道上，新铺的地砖很多都已经损坏，每晚20几台把不到一米的人行道堵的死死，严重侵害了国家有限的土地，让周边几万老百姓出行存在严重安全隐患，现在很多市区人行道晚上成了摆摊和私家车的天地，希望能够对祥和路夜间突查，对占人行道车辆全部拖走，并给予严厉处罚，还百姓安宁,2018-04-16 16:29:44,来信人：      您好！来信收悉，市政府立即责成渝北区政府核处，现将有关情况回复如下：  　　一、调查情况  　　经仙桃大队执法人员现场调查核实，渝北区图书馆后面祥和路确实存在机动车占人行道上的现象。  　　二、相关规定  　　《重庆市市政设施管理条例》第二十一条在城市道路设施上，未经市政行政主管部门批准不得进行下列占用、挖掘行为，第二项在人行道上停放机动车。  　　三、处理情况  　　接到投诉后，仙桃市政执法大队立即现场核实。执法人员对投诉地乱停放在人行道上的车辆车主进行宣传教育，并对占道车辆均张贴“温馨提示”，限其整改，并对拒不整改车辆进行锁车。在下一步工作中，执法人员将加大对辖区内占道停车车主宣传，尽量避免影响行人正常通行。  　　最后，感谢您对市政府工作的支持！
农民工子女入学,我叫刘*在重庆从事装修行业多年，现居渝中区菜袁路**号，有一个留守在垫江老家8岁的儿子现在上小学二年级，由于父母年龄大了无法在带孩子，所以想把孩子接到身边但附近所有学校都不接收，我也像教委反应过但教委那边也说没有办法，我想寻求帮助。,2018-03-09 10:46:43,来信人：       您好!来信收悉，市政府立即责成渝中区政府核处，现回复如下：       渝中区教委接信后万分重视，立即着手调查办理，经区教委核实，将您来信中的问题回复如下：      目前按相关政策，具有渝中区户籍的适龄儿童入学。各小学实行就近划片招生，按“三对口”原则审查新生入学资格，即学龄儿童与父（母）或者其他法定监护人的户口、房管证（或房屋产权证、购房正式合同）和实际居住地一致。      非户籍常住人口（含进城务工人员）适龄子女入学，满足流动人口入学相关要求，其适龄子女主要在现居住地街道辖区指定学校入学。      您的的孩子已经就读二年级，属于转学，进城务工人员需要满足流动人口入学相关要求，在对应小学有空余学位的情况下，按照转学相关办法办理转学。      如您还要咨询请再次来信，或致电63818722。      感谢您对市政府工作的支持！
市政停车位影响出行,永川市政在渝西广场德克士旁边划定的几个市政收费停车位严重影响市民出行，此处人流量巨大，摊贩很多，旁边还有两个巨大的箱体垃圾箱挡道，市政为了收费还在此处划几个停车位造成行人过路都过不了，1.21中央大街火灾目睹消防车在此处因为停车位停有车而进来不了在时间就是生命的情况下堵了至少七八分钟后另择道走之，强烈要求取消此处停车位,2018-03-02 20:18:33,"来信人：  您好！来信收悉，市政府立即责成永川区政府调查核实，现回复如下
：
      收到你的来信，区城市管理局高度重视，立即安排专人调查处理。首
先，感谢你对城区公共区域临时占道停车管理工作的监督、关心与支
持。针对你反映的问题，区城市管理局工作人员于2018年1月3
1日上午10时与你电话沟通了解相关情况后，立即对渝西广场德克
士停车点进行了现场勘查。经勘查，该停车点在施划停车位时留下的
消防通道被垃圾箱挡住，造成了消防通道宽度不足。为此，区城市管
理局已安排施工人员对该停车点部分停车位进行清除，留出消防通道
。
      最后，感谢您对市政府工作的支持！"
夜间施工,"南岸区铜元局金辉城3期工地（花样派小区旁）长期夜间施工，数次反映回复说已约谈相关方和处罚，没有效果，及几乎每天夜间环保投诉反映也没有查处制止，反而变本加利,长期连续通宵猖狂施工，噪声震天，严重影响附近居住正常生活。",2018-02-14 17:07:21,"来信人：      您好！来信收悉。市政府立即责成南岸区政府核处，现将相关情况回
复如下：
      经查，您反映工地为福建宏盛建设集团有限公司承建的金辉城三期二
区项目，位于融侨花满庭、融侨公园附近，现处于土石方挖掘施工阶
段，使用的机具主要有：挖掘机、除渣车等。南岸区环保局已采取以
下措施：一是要求施工单位在未办理夜间施工许可的情况下，不得在
晚22时后至次日凌晨6时之间进行施工，一经查实属违法施工的，
将依法处理。二是加大夜巡检查力度，增加对该工地的巡查检查频次
。三是夜间施工噪声具有偶发性，如遇类似情况，建议市民及时拨打
市环保局12369或南岸区政府96016进行投诉，便于环保局
夜间执法人员及时赶赴现场进行查处。目前，南岸区环保局已对福建
宏盛建设集团涉嫌夜间违规施工的行为进行立案调查，并向其下发行
政处罚告知书。
      特此回复"
爱加5号楼门前白天晚上经常停满汽车或摩托车，造成进出有严重障碍,爱加5号楼门前白天晚上经常停满汽车或摩托车，造成进出有严重障碍，多拿个车或是背大包都不好通过，而且现在连小区上面人行道都停满车辆，无人管理，到底能不能给我们一个安全的出行环境，旁边就是小学，违章停车也就算啦，连门口也堵死，啷个回事。,2018-01-20 23:22:54,"来信人：      您好！来信收悉。市政府立即责成渝北区政府核处，现将有关情况回
复如下：
  　　对于您所诉爱加5号楼门前白天晚上经常停满私车或摩托车，造
成进出有严重障碍，交巡警大队前期已掌握。对此双龙大队将加强对
这些道路的常态化巡逻，通过加班整治、路段违停定任务等方式针对
兰桂大道、兰馨大道，桂馥大道，祥和路等路段开展交通违法整治行
动，加大对不按规定违停车辆的巡查和整治力度，并不时会同市政、
运管等有关部门开展联合整治，以期进一步改善、规范道路停车秩序
，最大程度保障居民安全畅通出行。
  　　最后，感谢您一直以来对公安管理工作的关心、支持和理解。同
时，欢迎继续对我们的工作进行监督并提出宝贵的意见和建议。如有
其他问题，可致电渝北区公安分局具体咨询，联系电话：67456
446。"
游摊占道经营问题,南坪协信城小区1号门左边有多家火锅、串串店（如杨光会鲜货火锅店），每天下午6点之后皆露天经营，特别是晚上8点之后浓烈的火锅串串气味遍布协信城2栋小区电梯和走廊，住户室内也充满浓厚火锅味道，致晚上不敢打开窗户，但又不能不呼吸空气，长期受此影响，严重危害身体健康。希望市政府能够体恤民情，维护市民呼吸新鲜空气的合法权益，有效行使公权力，严格禁止违法餐饮经营行为，保障市民合法权益，共同建设美丽城市！,2018-01-11 09:07:18,"来信人：      您好！来信收悉，市政府立即责成南岸区政府核处，现将办理情况回
复如下：
      经查，来信反映情况属实。对此，南坪镇综合行政执法队员立即对各
店主进行说教育，要求其文明经营，让其认识到由此给周围群众带来
的严重影响，要求店主将占道经营用具逐一清理；告知其今后店面以
内经营，不得占道经营扰民。同时，南坪镇综合行政执法人员将在上
班期间加强该路段的巡查和值守力度，维护周边群众和谐的生活环境
。
      感谢您对市政府工作的支持！"
小区车库管理问题,"市长你好，沙区井口美丽阳光小区三期车库，车库门口和里面长期有
车乱停乱放，影响正常的上下班的进出。物管对于这样的事情基本上
属于不怎么管理，
  最近更是烦老，物管把原本都很混乱的车库的灯光换成很不亮的小灯
泡，一点到看不到，本来就乱，如果车子遭划了，那个负责，我们还
是每个月交了300的停车费，在加上配置的摄像机，都没有开过，
这样的管理，如何让业主住的放心，近来年底了，陌生的人进出小区
都没有人管理，我们找不到地方去说明这些事情，只有写信给政府部
门，希望你们政府部门派人下来调查，还是要做到取之于民，",2018-01-05 15:46:44,"来信人：   您好，来信收悉。市政府立即责成沙坪坝区政府核实处理，现将关情
况回复如下：
       12月19日下午，区公安分局民警与来信人电话联系，详细了解其
此次来信反映的具体情况。经核实，来信反映的情况基本属实。对此
，区公安分局民警已当即联系该物管公司，要求物管公司对车辆乱停
放、摄像机和灯光等问题积极整改。目前，据区房管局了解，物业公
司已于近期增加车库照明设施，保证使用亮度。现小区车库监控摄像
头全部运行正常，正对小区监控设备进行升级处理。
      感谢您对市政府工作的支持！"
